idx,group,method,question,gold_anchor,pred_anchor,gold_order,pred_order,references,raw_output,temporal_order_accuracy,anchor_accuracy,support_reordering_accuracy
1628,reversed_hard,Standard RAG,在19年，‘肯尼迪’号航母退役、《南华早报》对中国文化现象的报道、中国选送电影《哪吒之魔童降世》参加奥斯卡和国际天文学联合会的发现，哪个事件最早发生？,1,0,"[1, 2, 3, 0]","[0, 1, 2, 3]",,,0.5000,0.0000,0.0000
1628,reversed_hard,TemporalSort,在19年，‘肯尼迪’号航母退役、《南华早报》对中国文化现象的报道、中国选送电影《哪吒之魔童降世》参加奥斯卡和国际天文学联合会的发现，哪个事件最早发生？,1,1,"[1, 2, 3, 0]","[1, 0, 2, 3]",,,0.6667,1.0000,0.0000
1628,reversed_hard,E$^2$RAG (reimpl.),在19年，‘肯尼迪’号航母退役、《南华早报》对中国文化现象的报道、中国选送电影《哪吒之魔童降世》参加奥斯卡和国际天文学联合会的发现，哪个事件最早发生？,1,1,"[1, 2, 3, 0]","[1, 2, 0, 3]",,,0.8333,1.0000,0.0000
1628,reversed_hard,Ours,在19年，‘肯尼迪’号航母退役、《南华早报》对中国文化现象的报道、中国选送电影《哪吒之魔童降世》参加奥斯卡和国际天文学联合会的发现，哪个事件最早发生？,1,1,"[1, 2, 3, 0]","[1, 2, 0, 3]",,,0.8333,1.0000,0.0000
2622,reversed_hard,Standard RAG,以下四个事件：北京普思投资有限公司达成赔偿协议、中国邮政储蓄银行A股IPO网下申购缴款、韩国政府决定废弃《军事情报保护协定》、国家电网向社会资本开放特高压建设投资，哪一个事件最早发生？,3,0,"[3, 2, 1, 0]","[0, 1, 2, 3]",,,0.0000,0.0000,0.0000
2622,reversed_hard,TemporalSort,以下四个事件：北京普思投资有限公司达成赔偿协议、中国邮政储蓄银行A股IPO网下申购缴款、韩国政府决定废弃《军事情报保护协定》、国家电网向社会资本开放特高压建设投资，哪一个事件最早发生？,3,3,"[3, 2, 1, 0]","[3, 0, 1, 2]",,,0.5000,1.0000,0.0000
2622,reversed_hard,E$^2$RAG (reimpl.),以下四个事件：北京普思投资有限公司达成赔偿协议、中国邮政储蓄银行A股IPO网下申购缴款、韩国政府决定废弃《军事情报保护协定》、国家电网向社会资本开放特高压建设投资，哪一个事件最早发生？,3,3,"[3, 2, 1, 0]","[3, 2, 1, 0]",,,1.0000,1.0000,1.0000
2622,reversed_hard,Ours,以下四个事件：北京普思投资有限公司达成赔偿协议、中国邮政储蓄银行A股IPO网下申购缴款、韩国政府决定废弃《军事情报保护协定》、国家电网向社会资本开放特高压建设投资，哪一个事件最早发生？,3,3,"[3, 2, 1, 0]","[3, 2, 1, 0]",,,1.0000,1.0000,1.0000
25,reversed_hard,Standard RAG,苹果公司宣布Apple Card信用卡政策、良渚古城遗址列入《世界遗产名录》、iPhone 12系列推出，哪个事件发生得最早？,1,0,"[1, 0, 2]","[0, 1, 2]",,,0.6667,0.0000,0.0000
25,reversed_hard,TemporalSort,苹果公司宣布Apple Card信用卡政策、良渚古城遗址列入《世界遗产名录》、iPhone 12系列推出，哪个事件发生得最早？,1,0,"[1, 0, 2]","[0, 1, 2]",,,0.6667,0.0000,0.0000
25,reversed_hard,E$^2$RAG (reimpl.),苹果公司宣布Apple Card信用卡政策、良渚古城遗址列入《世界遗产名录》、iPhone 12系列推出，哪个事件发生得最早？,1,1,"[1, 0, 2]","[1, 0, 2]",,,1.0000,1.0000,1.0000
25,reversed_hard,Ours,苹果公司宣布Apple Card信用卡政策、良渚古城遗址列入《世界遗产名录》、iPhone 12系列推出，哪个事件发生得最早？,1,1,"[1, 0, 2]","[1, 0, 2]",,,1.0000,1.0000,1.0000
457,reversed_hard,Standard RAG,美国海军P-8A“海神”海上巡逻机出现在台湾西南空域、辉瑞公司新冠疫苗研发有效率宣布超过90%和吴幽承诺捐赠1100万元，这三个事件哪个最早发生？,2,0,"[2, 0, 1]","[0, 1, 2]",,,0.3333,0.0000,0.0000
457,reversed_hard,TemporalSort,美国海军P-8A“海神”海上巡逻机出现在台湾西南空域、辉瑞公司新冠疫苗研发有效率宣布超过90%和吴幽承诺捐赠1100万元，这三个事件哪个最早发生？,2,2,"[2, 0, 1]","[2, 0, 1]",,,1.0000,1.0000,1.0000
457,reversed_hard,E$^2$RAG (reimpl.),美国海军P-8A“海神”海上巡逻机出现在台湾西南空域、辉瑞公司新冠疫苗研发有效率宣布超过90%和吴幽承诺捐赠1100万元，这三个事件哪个最早发生？,2,2,"[2, 0, 1]","[2, 0, 1]",,,1.0000,1.0000,1.0000
457,reversed_hard,Ours,美国海军P-8A“海神”海上巡逻机出现在台湾西南空域、辉瑞公司新冠疫苗研发有效率宣布超过90%和吴幽承诺捐赠1100万元，这三个事件哪个最早发生？,2,2,"[2, 0, 1]","[2, 0, 1]",,,1.0000,1.0000,1.0000
464,reversed_hard,Standard RAG,长江三角洲区域一体化发展规划纲要、福建自贸试验区挂牌、和B站购物专区上线，这三个中哪一个事件最早发生？,1,0,"[1, 0, 2]","[0, 1, 2]",,,0.6667,0.0000,0.0000
464,reversed_hard,TemporalSort,长江三角洲区域一体化发展规划纲要、福建自贸试验区挂牌、和B站购物专区上线，这三个中哪一个事件最早发生？,1,1,"[1, 0, 2]","[1, 0, 2]",,,1.0000,1.0000,1.0000
464,reversed_hard,E$^2$RAG (reimpl.),长江三角洲区域一体化发展规划纲要、福建自贸试验区挂牌、和B站购物专区上线，这三个中哪一个事件最早发生？,1,1,"[1, 0, 2]","[1, 0, 2]",,,1.0000,1.0000,1.0000
464,reversed_hard,Ours,长江三角洲区域一体化发展规划纲要、福建自贸试验区挂牌、和B站购物专区上线，这三个中哪一个事件最早发生？,1,1,"[1, 0, 2]","[1, 0, 2]",,,1.0000,1.0000,1.0000
1417,reversed_hard,Standard RAG,海上微风-2020军演、朝阳站配套道路开通和洋山深水港开港，哪个事件发生得最早？,2,0,"[2, 0, 1]","[0, 1, 2]",,,0.3333,0.0000,0.0000
1417,reversed_hard,TemporalSort,海上微风-2020军演、朝阳站配套道路开通和洋山深水港开港，哪个事件发生得最早？,2,2,"[2, 0, 1]","[2, 0, 1]",,,1.0000,1.0000,1.0000
1417,reversed_hard,E$^2$RAG (reimpl.),海上微风-2020军演、朝阳站配套道路开通和洋山深水港开港，哪个事件发生得最早？,2,2,"[2, 0, 1]","[2, 0, 1]",,,1.0000,1.0000,1.0000
1417,reversed_hard,Ours,海上微风-2020军演、朝阳站配套道路开通和洋山深水港开港，哪个事件发生得最早？,2,2,"[2, 0, 1]","[2, 0, 1]",,,1.0000,1.0000,1.0000
1474,reversed_hard,Standard RAG,黑石集团收购物流园区项目、吴旭接受调查、易会满接任证监会主席，哪个事件最早发生？,2,0,"[2, 0, 1]","[0, 1, 2]",,,0.3333,0.0000,0.0000
1474,reversed_hard,TemporalSort,黑石集团收购物流园区项目、吴旭接受调查、易会满接任证监会主席，哪个事件最早发生？,2,2,"[2, 0, 1]","[2, 0, 1]",,,1.0000,1.0000,1.0000
1474,reversed_hard,E$^2$RAG (reimpl.),黑石集团收购物流园区项目、吴旭接受调查、易会满接任证监会主席，哪个事件最早发生？,2,2,"[2, 0, 1]","[2, 0, 1]",,,1.0000,1.0000,1.0000
1474,reversed_hard,Ours,黑石集团收购物流园区项目、吴旭接受调查、易会满接任证监会主席，哪个事件最早发生？,2,2,"[2, 0, 1]","[2, 0, 1]",,,1.0000,1.0000,1.0000
1485,reversed_hard,Standard RAG,嫦娥五号返回地球成功着陆、神州优车信息披露违规调查完毕、戈恩在日本被捕，哪个事件最晚发生？,1,2,"[2, 0, 1]","[0, 1, 2]",,,0.3333,0.0000,0.0000
1485,reversed_hard,TemporalSort,嫦娥五号返回地球成功着陆、神州优车信息披露违规调查完毕、戈恩在日本被捕，哪个事件最晚发生？,1,0,"[2, 0, 1]","[1, 2, 0]",,,0.3333,0.0000,0.0000
1485,reversed_hard,E$^2$RAG (reimpl.),嫦娥五号返回地球成功着陆、神州优车信息披露违规调查完毕、戈恩在日本被捕，哪个事件最晚发生？,1,1,"[2, 0, 1]","[2, 0, 1]",,,1.0000,1.0000,1.0000
1485,reversed_hard,Ours,嫦娥五号返回地球成功着陆、神州优车信息披露违规调查完毕、戈恩在日本被捕，哪个事件最晚发生？,1,1,"[2, 0, 1]","[2, 0, 1]",,,1.0000,1.0000,1.0000
1560,reversed_hard,Standard RAG,安格斯·迪顿演讲、中国2021年NBA事件和2019年香飘飘业绩报告哪个最早发生？,2,0,"[2, 0, 1]","[0, 1, 2]",,,0.3333,0.0000,0.0000
1560,reversed_hard,TemporalSort,安格斯·迪顿演讲、中国2021年NBA事件和2019年香飘飘业绩报告哪个最早发生？,2,0,"[2, 0, 1]","[0, 2, 1]",,,0.6667,0.0000,0.0000
1560,reversed_hard,E$^2$RAG (reimpl.),安格斯·迪顿演讲、中国2021年NBA事件和2019年香飘飘业绩报告哪个最早发生？,2,0,"[2, 0, 1]","[0, 2, 1]",,,0.6667,0.0000,0.0000
1560,reversed_hard,Ours,安格斯·迪顿演讲、中国2021年NBA事件和2019年香飘飘业绩报告哪个最早发生？,2,2,"[2, 0, 1]","[2, 0, 1]",,,1.0000,1.0000,1.0000
1606,reversed_hard,Standard RAG,魏则西去世、周恒失联和海正药业部分在建工程完工的事件中，哪一个最早发生？,2,0,"[2, 1, 0]","[0, 1, 2]",,,0.0000,0.0000,0.0000
1606,reversed_hard,TemporalSort,魏则西去世、周恒失联和海正药业部分在建工程完工的事件中，哪一个最早发生？,2,1,"[2, 1, 0]","[1, 2, 0]",,,0.6667,0.0000,0.0000
1606,reversed_hard,E$^2$RAG (reimpl.),魏则西去世、周恒失联和海正药业部分在建工程完工的事件中，哪一个最早发生？,2,2,"[2, 1, 0]","[2, 1, 0]",,,1.0000,1.0000,1.0000
1606,reversed_hard,Ours,魏则西去世、周恒失联和海正药业部分在建工程完工的事件中，哪一个最早发生？,2,2,"[2, 1, 0]","[2, 1, 0]",,,1.0000,1.0000,1.0000
4722,reversed_hard,Standard RAG,2020年，中国发布侵害未成年人案件强制报告制度，美国科罗纳市银行劫案和英国首相约翰逊首次主持疫情发布会，这些事件中哪个发生在最晚？,1,2,"[2, 0, 1]","[0, 1, 2]",,,0.3333,0.0000,0.0000
4722,reversed_hard,TemporalSort,2020年，中国发布侵害未成年人案件强制报告制度，美国科罗纳市银行劫案和英国首相约翰逊首次主持疫情发布会，这些事件中哪个发生在最晚？,1,2,"[2, 0, 1]","[0, 1, 2]",,,0.3333,0.0000,0.0000
4722,reversed_hard,E$^2$RAG (reimpl.),2020年，中国发布侵害未成年人案件强制报告制度，美国科罗纳市银行劫案和英国首相约翰逊首次主持疫情发布会，这些事件中哪个发生在最晚？,1,1,"[2, 0, 1]","[2, 0, 1]",,,1.0000,1.0000,1.0000
4722,reversed_hard,Ours,2020年，中国发布侵害未成年人案件强制报告制度，美国科罗纳市银行劫案和英国首相约翰逊首次主持疫情发布会，这些事件中哪个发生在最晚？,1,1,"[2, 0, 1]","[2, 0, 1]",,,1.0000,1.0000,1.0000
118,reversed_hard,Standard RAG,SpaceX的星舰第二次试飞和2023年大闸蟹价格触及历史低点哪个事件先发生？,1,0,"[1, 0]","[0, 1]",,,0.0000,0.0000,0.0000
118,reversed_hard,TemporalSort,SpaceX的星舰第二次试飞和2023年大闸蟹价格触及历史低点哪个事件先发生？,1,0,"[1, 0]","[0, 1]",,,0.0000,0.0000,0.0000
118,reversed_hard,E$^2$RAG (reimpl.),SpaceX的星舰第二次试飞和2023年大闸蟹价格触及历史低点哪个事件先发生？,1,1,"[1, 0]","[1, 0]",,,1.0000,1.0000,1.0000
118,reversed_hard,Ours,SpaceX的星舰第二次试飞和2023年大闸蟹价格触及历史低点哪个事件先发生？,1,1,"[1, 0]","[1, 0]",,,1.0000,1.0000,1.0000
3733,reversed_hard,Standard RAG,卡佩拉加入老鹰队和曼城战胜谢联这两个事件，哪个发生得更早？,1,0,"[1, 0]","[0, 1]",,,0.0000,0.0000,0.0000
3733,reversed_hard,TemporalSort,卡佩拉加入老鹰队和曼城战胜谢联这两个事件，哪个发生得更早？,1,1,"[1, 0]","[1, 0]",,,1.0000,1.0000,1.0000
3733,reversed_hard,E$^2$RAG (reimpl.),卡佩拉加入老鹰队和曼城战胜谢联这两个事件，哪个发生得更早？,1,1,"[1, 0]","[1, 0]",,,1.0000,1.0000,1.0000
3733,reversed_hard,Ours,卡佩拉加入老鹰队和曼城战胜谢联这两个事件，哪个发生得更早？,1,1,"[1, 0]","[1, 0]",,,1.0000,1.0000,1.0000
948,reversed_hard,Standard RAG,美国证券交易委员会批准比特币现货ETF申请、浙江宁波舟山港集装箱船爆炸、博雷利宣布组织欧盟国家会议，这些事件哪个最早发生？,1,0,"[1, 2, 0]","[0, 1, 2]",,,0.3333,0.0000,0.0000
948,reversed_hard,TemporalSort,美国证券交易委员会批准比特币现货ETF申请、浙江宁波舟山港集装箱船爆炸、博雷利宣布组织欧盟国家会议，这些事件哪个最早发生？,1,1,"[1, 2, 0]","[1, 0, 2]",,,0.6667,1.0000,0.0000
948,reversed_hard,E$^2$RAG (reimpl.),美国证券交易委员会批准比特币现货ETF申请、浙江宁波舟山港集装箱船爆炸、博雷利宣布组织欧盟国家会议，这些事件哪个最早发生？,1,1,"[1, 2, 0]","[1, 2, 0]",,,1.0000,1.0000,1.0000
948,reversed_hard,Ours,美国证券交易委员会批准比特币现货ETF申请、浙江宁波舟山港集装箱船爆炸、博雷利宣布组织欧盟国家会议，这些事件哪个最早发生？,1,1,"[1, 2, 0]","[1, 2, 0]",,,1.0000,1.0000,1.0000
1194,reversed_hard,Standard RAG,以下事件哪个最早发生：苏垦农发发布人事变动公告、西安市住房限购政策调整、刘强东宣布为采销员工涨薪？,1,0,"[1, 0, 2]","[0, 1, 2]",,,0.6667,0.0000,0.0000
1194,reversed_hard,TemporalSort,以下事件哪个最早发生：苏垦农发发布人事变动公告、西安市住房限购政策调整、刘强东宣布为采销员工涨薪？,1,2,"[1, 0, 2]","[2, 0, 1]",,,0.0000,0.0000,0.0000
1194,reversed_hard,E$^2$RAG (reimpl.),以下事件哪个最早发生：苏垦农发发布人事变动公告、西安市住房限购政策调整、刘强东宣布为采销员工涨薪？,1,2,"[1, 0, 2]","[2, 1, 0]",,,0.3333,0.0000,0.0000
1194,reversed_hard,Ours,以下事件哪个最早发生：苏垦农发发布人事变动公告、西安市住房限购政策调整、刘强东宣布为采销员工涨薪？,1,2,"[1, 0, 2]","[2, 1, 0]",,,0.3333,0.0000,0.0000
372,reversed_hard,Standard RAG,以下哪一事件在时间上排名最早：2024年1月FAST项目通过国家验收，2024年4月13日教育部公布高等职业教育专科专业设置结果，还是2024年8月16日最高人民检察院发布财务造假相关文件？,1,0,"[1, 0, 2]","[0, 1, 2]",,,0.6667,0.0000,0.0000
372,reversed_hard,TemporalSort,以下哪一事件在时间上排名最早：2024年1月FAST项目通过国家验收，2024年4月13日教育部公布高等职业教育专科专业设置结果，还是2024年8月16日最高人民检察院发布财务造假相关文件？,1,1,"[1, 0, 2]","[1, 0, 2]",,,1.0000,1.0000,1.0000
372,reversed_hard,E$^2$RAG (reimpl.),以下哪一事件在时间上排名最早：2024年1月FAST项目通过国家验收，2024年4月13日教育部公布高等职业教育专科专业设置结果，还是2024年8月16日最高人民检察院发布财务造假相关文件？,1,1,"[1, 0, 2]","[1, 0, 2]",,,1.0000,1.0000,1.0000
372,reversed_hard,Ours,以下哪一事件在时间上排名最早：2024年1月FAST项目通过国家验收，2024年4月13日教育部公布高等职业教育专科专业设置结果，还是2024年8月16日最高人民检察院发布财务造假相关文件？,1,1,"[1, 0, 2]","[1, 0, 2]",,,1.0000,1.0000,1.0000
1336,reversed_hard,Standard RAG,西南交通大学违规操作事件的通报、四川电网月城Ⅱ500千伏开关站的试运行和深圳至中山跨江通道开通，哪一个事件最早发生？,1,0,"[1, 0, 2]","[0, 1, 2]",,,0.6667,0.0000,0.0000
1336,reversed_hard,TemporalSort,西南交通大学违规操作事件的通报、四川电网月城Ⅱ500千伏开关站的试运行和深圳至中山跨江通道开通，哪一个事件最早发生？,1,1,"[1, 0, 2]","[1, 2, 0]",,,0.6667,1.0000,0.0000
1336,reversed_hard,E$^2$RAG (reimpl.),西南交通大学违规操作事件的通报、四川电网月城Ⅱ500千伏开关站的试运行和深圳至中山跨江通道开通，哪一个事件最早发生？,1,1,"[1, 0, 2]","[1, 2, 0]",,,0.6667,1.0000,0.0000
1336,reversed_hard,Ours,西南交通大学违规操作事件的通报、四川电网月城Ⅱ500千伏开关站的试运行和深圳至中山跨江通道开通，哪一个事件最早发生？,1,1,"[1, 0, 2]","[1, 2, 0]",,,0.6667,1.0000,0.0000
2798,reversed_hard,Standard RAG,诺斯林的签约、王毅与乌克兰外长库列巴的会见、《黑神话：悟空》游戏解锁，哪个事件发生得最早？,1,0,"[1, 0, 2]","[0, 1, 2]",,,0.6667,0.0000,0.0000
2798,reversed_hard,TemporalSort,诺斯林的签约、王毅与乌克兰外长库列巴的会见、《黑神话：悟空》游戏解锁，哪个事件发生得最早？,1,2,"[1, 0, 2]","[2, 0, 1]",,,0.0000,0.0000,0.0000
2798,reversed_hard,E$^2$RAG (reimpl.),诺斯林的签约、王毅与乌克兰外长库列巴的会见、《黑神话：悟空》游戏解锁，哪个事件发生得最早？,1,1,"[1, 0, 2]","[1, 0, 2]",,,1.0000,1.0000,1.0000
2798,reversed_hard,Ours,诺斯林的签约、王毅与乌克兰外长库列巴的会见、《黑神话：悟空》游戏解锁，哪个事件发生得最早？,1,1,"[1, 0, 2]","[1, 0, 2]",,,1.0000,1.0000,1.0000
3811,reversed_hard,Standard RAG,‘认房不认贷’政策、下调存款准备金率0.25个百分点和张之臻亚运会晋级决赛，哪个事件最晚发生？,2,2,"[0, 1, 2]","[0, 1, 2]",,,1.0000,1.0000,1.0000
3811,reversed_hard,TemporalSort,‘认房不认贷’政策、下调存款准备金率0.25个百分点和张之臻亚运会晋级决赛，哪个事件最晚发生？,2,2,"[0, 1, 2]","[0, 1, 2]",,,1.0000,1.0000,1.0000
3811,reversed_hard,E$^2$RAG (reimpl.),‘认房不认贷’政策、下调存款准备金率0.25个百分点和张之臻亚运会晋级决赛，哪个事件最晚发生？,2,2,"[0, 1, 2]","[0, 1, 2]",,,1.0000,1.0000,1.0000
3811,reversed_hard,Ours,‘认房不认贷’政策、下调存款准备金率0.25个百分点和张之臻亚运会晋级决赛，哪个事件最晚发生？,2,2,"[0, 1, 2]","[0, 1, 2]",,,1.0000,1.0000,1.0000
279,reversed_hard,Standard RAG,2023年11月，山东滨州市第二届企业家运动会开幕和丁薛祥主持中哈合作委员会第十一次会议哪个事件发生得更早？,1,0,"[1, 0]","[0, 1]",,,0.0000,0.0000,0.0000
279,reversed_hard,TemporalSort,2023年11月，山东滨州市第二届企业家运动会开幕和丁薛祥主持中哈合作委员会第十一次会议哪个事件发生得更早？,1,0,"[1, 0]","[0, 1]",,,0.0000,0.0000,0.0000
279,reversed_hard,E$^2$RAG (reimpl.),2023年11月，山东滨州市第二届企业家运动会开幕和丁薛祥主持中哈合作委员会第十一次会议哪个事件发生得更早？,1,1,"[1, 0]","[1, 0]",,,1.0000,1.0000,1.0000
279,reversed_hard,Ours,2023年11月，山东滨州市第二届企业家运动会开幕和丁薛祥主持中哈合作委员会第十一次会议哪个事件发生得更早？,1,1,"[1, 0]","[1, 0]",,,1.0000,1.0000,1.0000
2720,control_ordered,Standard RAG,赵雨思舞弊事件、辅仁药业债务诉讼、贝泰尔论文抄袭曝光、王正谱入京、首张黑洞照片公布，哪个事件最早发生？,0,0,"[0, 4, 1, 3, 2]","[0, 1, 2, 3, 4]",,,0.6000,1.0000,0.0000
2720,control_ordered,TemporalSort,赵雨思舞弊事件、辅仁药业债务诉讼、贝泰尔论文抄袭曝光、王正谱入京、首张黑洞照片公布，哪个事件最早发生？,0,1,"[0, 4, 1, 3, 2]","[1, 3, 0, 4, 2]",,,0.6000,0.0000,0.0000
2720,control_ordered,E$^2$RAG (reimpl.),赵雨思舞弊事件、辅仁药业债务诉讼、贝泰尔论文抄袭曝光、王正谱入京、首张黑洞照片公布，哪个事件最早发生？,0,3,"[0, 4, 1, 3, 2]","[3, 0, 4, 1, 2]",,,0.7000,0.0000,0.0000
2720,control_ordered,Ours,赵雨思舞弊事件、辅仁药业债务诉讼、贝泰尔论文抄袭曝光、王正谱入京、首张黑洞照片公布，哪个事件最早发生？,0,3,"[0, 4, 1, 3, 2]","[3, 0, 4, 1, 2]",,,0.7000,0.0000,0.0000
4365,control_ordered,Standard RAG,江西省教育厅发布禁止本科生随意带手机进课堂的新规、2022年英国消费者开始大量采购圣诞树、2021年选秀节目出现争议、《中华人民共和国粮食安全保障法》实施新规定，哪个事件最早发生？,0,0,"[0, 2, 1, 3]","[0, 1, 2, 3]",,,0.8333,1.0000,0.0000
4365,control_ordered,TemporalSort,江西省教育厅发布禁止本科生随意带手机进课堂的新规、2022年英国消费者开始大量采购圣诞树、2021年选秀节目出现争议、《中华人民共和国粮食安全保障法》实施新规定，哪个事件最早发生？,0,0,"[0, 2, 1, 3]","[0, 2, 1, 3]",,,1.0000,1.0000,1.0000
4365,control_ordered,E$^2$RAG (reimpl.),江西省教育厅发布禁止本科生随意带手机进课堂的新规、2022年英国消费者开始大量采购圣诞树、2021年选秀节目出现争议、《中华人民共和国粮食安全保障法》实施新规定，哪个事件最早发生？,0,0,"[0, 2, 1, 3]","[0, 2, 1, 3]",,,1.0000,1.0000,1.0000
4365,control_ordered,Ours,江西省教育厅发布禁止本科生随意带手机进课堂的新规、2022年英国消费者开始大量采购圣诞树、2021年选秀节目出现争议、《中华人民共和国粮食安全保障法》实施新规定，哪个事件最早发生？,0,0,"[0, 2, 1, 3]","[0, 2, 1, 3]",,,1.0000,1.0000,1.0000
186,control_ordered,Standard RAG,特朗普政府削减驻阿富汗美军兵力的报道、均保政策的实施、香港特区政府暂停“回港易”计划这三件事，哪个事件最早发生？,0,0,"[0, 2, 1]","[0, 1, 2]",,,0.6667,1.0000,0.0000
186,control_ordered,TemporalSort,特朗普政府削减驻阿富汗美军兵力的报道、均保政策的实施、香港特区政府暂停“回港易”计划这三件事，哪个事件最早发生？,0,0,"[0, 2, 1]","[0, 2, 1]",,,1.0000,1.0000,1.0000
186,control_ordered,E$^2$RAG (reimpl.),特朗普政府削减驻阿富汗美军兵力的报道、均保政策的实施、香港特区政府暂停“回港易”计划这三件事，哪个事件最早发生？,0,0,"[0, 2, 1]","[0, 2, 1]",,,1.0000,1.0000,1.0000
186,control_ordered,Ours,特朗普政府削减驻阿富汗美军兵力的报道、均保政策的实施、香港特区政府暂停“回港易”计划这三件事，哪个事件最早发生？,0,0,"[0, 2, 1]","[0, 2, 1]",,,1.0000,1.0000,1.0000
624,control_ordered,Standard RAG,英国议会下院通过脱欧三阶段计划、Angelababy发布最新杂志封面大片和深圳发生买房“负首付”现象，这三个事件哪个最早发生？,0,0,"[0, 1, 2]","[0, 1, 2]",,,1.0000,1.0000,1.0000
624,control_ordered,TemporalSort,英国议会下院通过脱欧三阶段计划、Angelababy发布最新杂志封面大片和深圳发生买房“负首付”现象，这三个事件哪个最早发生？,0,0,"[0, 1, 2]","[0, 1, 2]",,,1.0000,1.0000,1.0000
624,control_ordered,E$^2$RAG (reimpl.),英国议会下院通过脱欧三阶段计划、Angelababy发布最新杂志封面大片和深圳发生买房“负首付”现象，这三个事件哪个最早发生？,0,0,"[0, 1, 2]","[0, 1, 2]",,,1.0000,1.0000,1.0000
624,control_ordered,Ours,英国议会下院通过脱欧三阶段计划、Angelababy发布最新杂志封面大片和深圳发生买房“负首付”现象，这三个事件哪个最早发生？,0,0,"[0, 1, 2]","[0, 1, 2]",,,1.0000,1.0000,1.0000
962,control_ordered,Standard RAG,2023年中央一号文件发布、特朗普发表讲话、舒淇分享合影，这三件事哪个最早发生？,0,0,"[0, 1, 2]","[0, 1, 2]",,,1.0000,1.0000,1.0000
962,control_ordered,TemporalSort,2023年中央一号文件发布、特朗普发表讲话、舒淇分享合影，这三件事哪个最早发生？,0,0,"[0, 1, 2]","[0, 1, 2]",,,1.0000,1.0000,1.0000
962,control_ordered,E$^2$RAG (reimpl.),2023年中央一号文件发布、特朗普发表讲话、舒淇分享合影，这三件事哪个最早发生？,0,0,"[0, 1, 2]","[0, 1, 2]",,,1.0000,1.0000,1.0000
962,control_ordered,Ours,2023年中央一号文件发布、特朗普发表讲话、舒淇分享合影，这三件事哪个最早发生？,0,0,"[0, 1, 2]","[0, 1, 2]",,,1.0000,1.0000,1.0000
1201,control_ordered,Standard RAG,2024年特斯拉股价变动、大众汽车计划推出新平台SSP和兰州皋兰山吸引游客的事件中，哪个事件发生得最晚？,0,2,"[1, 2, 0]","[0, 1, 2]",,,0.3333,0.0000,0.0000
1201,control_ordered,TemporalSort,2024年特斯拉股价变动、大众汽车计划推出新平台SSP和兰州皋兰山吸引游客的事件中，哪个事件发生得最晚？,0,2,"[1, 2, 0]","[1, 0, 2]",,,0.6667,0.0000,0.0000
1201,control_ordered,E$^2$RAG (reimpl.),2024年特斯拉股价变动、大众汽车计划推出新平台SSP和兰州皋兰山吸引游客的事件中，哪个事件发生得最晚？,0,2,"[1, 2, 0]","[0, 1, 2]",,,0.3333,0.0000,0.0000
1201,control_ordered,Ours,2024年特斯拉股价变动、大众汽车计划推出新平台SSP和兰州皋兰山吸引游客的事件中，哪个事件发生得最晚？,0,2,"[1, 2, 0]","[0, 1, 2]",,,0.3333,0.0000,0.0000
2197,control_ordered,Standard RAG,阿德本罗的进球、天玑9300的预计发布时间、徐永军的讲话中，哪个事件发生得最早？,0,0,"[0, 1, 2]","[0, 1, 2]",,,1.0000,1.0000,1.0000
2197,control_ordered,TemporalSort,阿德本罗的进球、天玑9300的预计发布时间、徐永军的讲话中，哪个事件发生得最早？,0,0,"[0, 1, 2]","[0, 1, 2]",,,1.0000,1.0000,1.0000
2197,control_ordered,E$^2$RAG (reimpl.),阿德本罗的进球、天玑9300的预计发布时间、徐永军的讲话中，哪个事件发生得最早？,0,0,"[0, 1, 2]","[0, 1, 2]",,,1.0000,1.0000,1.0000
2197,control_ordered,Ours,阿德本罗的进球、天玑9300的预计发布时间、徐永军的讲话中，哪个事件发生得最早？,0,0,"[0, 1, 2]","[0, 1, 2]",,,1.0000,1.0000,1.0000
660,control_ordered,Standard RAG,2023年二季度威马汽车挂牌上市和深圳二套房最低首付款比例下调，哪个事件发生的更早？,0,0,"[0, 1]","[0, 1]",,,1.0000,1.0000,1.0000
660,control_ordered,TemporalSort,2023年二季度威马汽车挂牌上市和深圳二套房最低首付款比例下调，哪个事件发生的更早？,0,0,"[0, 1]","[0, 1]",,,1.0000,1.0000,1.0000
660,control_ordered,E$^2$RAG (reimpl.),2023年二季度威马汽车挂牌上市和深圳二套房最低首付款比例下调，哪个事件发生的更早？,0,0,"[0, 1]","[0, 1]",,,1.0000,1.0000,1.0000
660,control_ordered,Ours,2023年二季度威马汽车挂牌上市和深圳二套房最低首付款比例下调，哪个事件发生的更早？,0,0,"[0, 1]","[0, 1]",,,1.0000,1.0000,1.0000
5158,control_ordered,Standard RAG,共享单车价格在2022年9月6日上涨和2023年6月再次上涨，哪个事件发生得更早？,0,0,"[0, 1]","[0, 1]",,,1.0000,1.0000,1.0000
5158,control_ordered,TemporalSort,共享单车价格在2022年9月6日上涨和2023年6月再次上涨，哪个事件发生得更早？,0,0,"[0, 1]","[0, 1]",,,1.0000,1.0000,1.0000
5158,control_ordered,E$^2$RAG (reimpl.),共享单车价格在2022年9月6日上涨和2023年6月再次上涨，哪个事件发生得更早？,0,0,"[0, 1]","[0, 1]",,,1.0000,1.0000,1.0000
5158,control_ordered,Ours,共享单车价格在2022年9月6日上涨和2023年6月再次上涨，哪个事件发生得更早？,0,0,"[0, 1]","[0, 1]",,,1.0000,1.0000,1.0000
15,control_ordered,Standard RAG,名创优品的婚育奖励方案实施、黄金市场创新高事件和中国商务部对共聚聚甲醛的反倾销立案调查，哪个事件最早发生？,0,0,"[0, 1, 2]","[0, 1, 2]",,,1.0000,1.0000,1.0000
15,control_ordered,TemporalSort,名创优品的婚育奖励方案实施、黄金市场创新高事件和中国商务部对共聚聚甲醛的反倾销立案调查，哪个事件最早发生？,0,2,"[0, 1, 2]","[2, 0, 1]",,,0.3333,0.0000,0.0000
15,control_ordered,E$^2$RAG (reimpl.),名创优品的婚育奖励方案实施、黄金市场创新高事件和中国商务部对共聚聚甲醛的反倾销立案调查，哪个事件最早发生？,0,0,"[0, 1, 2]","[0, 1, 2]",,,1.0000,1.0000,1.0000
15,control_ordered,Ours,名创优品的婚育奖励方案实施、黄金市场创新高事件和中国商务部对共聚聚甲醛的反倾销立案调查，哪个事件最早发生？,0,0,"[0, 1, 2]","[0, 1, 2]",,,1.0000,1.0000,1.0000
1782,control_ordered,Standard RAG,C罗39岁生日与'永明'大熊猫返回成都哪个事件更早发生？,0,0,"[0, 1]","[0, 1]",,,1.0000,1.0000,1.0000
1782,control_ordered,TemporalSort,C罗39岁生日与'永明'大熊猫返回成都哪个事件更早发生？,0,1,"[0, 1]","[1, 0]",,,0.0000,0.0000,0.0000
1782,control_ordered,E$^2$RAG (reimpl.),C罗39岁生日与'永明'大熊猫返回成都哪个事件更早发生？,0,0,"[0, 1]","[0, 1]",,,1.0000,1.0000,1.0000
1782,control_ordered,Ours,C罗39岁生日与'永明'大熊猫返回成都哪个事件更早发生？,0,0,"[0, 1]","[0, 1]",,,1.0000,1.0000,1.0000
4370,control_ordered,Standard RAG,美团股价跌至69.55港元和华为终止与汽车之家等合作，哪个事件发生更早？,0,0,"[0, 1]","[0, 1]",,,1.0000,1.0000,1.0000
4370,control_ordered,TemporalSort,美团股价跌至69.55港元和华为终止与汽车之家等合作，哪个事件发生更早？,0,1,"[0, 1]","[1, 0]",,,0.0000,0.0000,0.0000
4370,control_ordered,E$^2$RAG (reimpl.),美团股价跌至69.55港元和华为终止与汽车之家等合作，哪个事件发生更早？,0,0,"[0, 1]","[0, 1]",,,1.0000,1.0000,1.0000
4370,control_ordered,Ours,美团股价跌至69.55港元和华为终止与汽车之家等合作，哪个事件发生更早？,0,0,"[0, 1]","[0, 1]",,,1.0000,1.0000,1.0000
1873,control_ordered,Standard RAG,2024年NBA西部季后赛对阵情况公布、南阳市教育局发布警告和北京车展上主角汽车亮相，哪一个事件更早发生？,0,0,"[0, 2, 1]","[0, 1, 2]",,,0.6667,1.0000,0.0000
1873,control_ordered,TemporalSort,2024年NBA西部季后赛对阵情况公布、南阳市教育局发布警告和北京车展上主角汽车亮相，哪一个事件更早发生？,0,1,"[0, 2, 1]","[1, 2, 0]",,,0.0000,0.0000,0.0000
1873,control_ordered,E$^2$RAG (reimpl.),2024年NBA西部季后赛对阵情况公布、南阳市教育局发布警告和北京车展上主角汽车亮相，哪一个事件更早发生？,0,2,"[0, 2, 1]","[2, 1, 0]",,,0.3333,0.0000,0.0000
1873,control_ordered,Ours,2024年NBA西部季后赛对阵情况公布、南阳市教育局发布警告和北京车展上主角汽车亮相，哪一个事件更早发生？,0,2,"[0, 2, 1]","[2, 1, 0]",,,0.3333,0.0000,0.0000
2423,control_ordered,Standard RAG,王毅与普京的会晤、习近平听取新疆维吾尔自治区党委和政府工作汇报及以色列国家安全顾问要求巴勒斯坦民众远离加沙地带北部的医院，这些事件中哪一个是最早发生的？,0,0,"[0, 1, 2]","[0, 1, 2]",,,1.0000,1.0000,1.0000
2423,control_ordered,TemporalSort,王毅与普京的会晤、习近平听取新疆维吾尔自治区党委和政府工作汇报及以色列国家安全顾问要求巴勒斯坦民众远离加沙地带北部的医院，这些事件中哪一个是最早发生的？,0,0,"[0, 1, 2]","[0, 1, 2]",,,1.0000,1.0000,1.0000
2423,control_ordered,E$^2$RAG (reimpl.),王毅与普京的会晤、习近平听取新疆维吾尔自治区党委和政府工作汇报及以色列国家安全顾问要求巴勒斯坦民众远离加沙地带北部的医院，这些事件中哪一个是最早发生的？,0,0,"[0, 1, 2]","[0, 1, 2]",,,1.0000,1.0000,1.0000
2423,control_ordered,Ours,王毅与普京的会晤、习近平听取新疆维吾尔自治区党委和政府工作汇报及以色列国家安全顾问要求巴勒斯坦民众远离加沙地带北部的医院，这些事件中哪一个是最早发生的？,0,0,"[0, 1, 2]","[0, 1, 2]",,,1.0000,1.0000,1.0000
3524,control_ordered,Standard RAG,迈阿密热火队对阵湖人、黄仁勋参加英伟达年会、英伟达与Run:AI谈判，哪个事件最早发生在2024年？,0,0,"[0, 2, 1]","[0, 1, 2]",,,0.6667,1.0000,0.0000
3524,control_ordered,TemporalSort,迈阿密热火队对阵湖人、黄仁勋参加英伟达年会、英伟达与Run:AI谈判，哪个事件最早发生在2024年？,0,2,"[0, 2, 1]","[2, 1, 0]",,,0.3333,0.0000,0.0000
3524,control_ordered,E$^2$RAG (reimpl.),迈阿密热火队对阵湖人、黄仁勋参加英伟达年会、英伟达与Run:AI谈判，哪个事件最早发生在2024年？,0,2,"[0, 2, 1]","[2, 1, 0]",,,0.3333,0.0000,0.0000
3524,control_ordered,Ours,迈阿密热火队对阵湖人、黄仁勋参加英伟达年会、英伟达与Run:AI谈判，哪个事件最早发生在2024年？,0,2,"[0, 2, 1]","[2, 1, 0]",,,0.3333,0.0000,0.0000
1841,three_ref_hard,Standard RAG,2019年，河南原阳老虎脱逃事件、荆门市消费者维权事件及《流浪地球》票房超过6亿美元哪个最早发生？,2,0,"[2, 1, 0]","[0, 1, 2]",,,0.0000,0.0000,0.0000
1841,three_ref_hard,TemporalSort,2019年，河南原阳老虎脱逃事件、荆门市消费者维权事件及《流浪地球》票房超过6亿美元哪个最早发生？,2,0,"[2, 1, 0]","[0, 1, 2]",,,0.0000,0.0000,0.0000
1841,three_ref_hard,E$^2$RAG (reimpl.),2019年，河南原阳老虎脱逃事件、荆门市消费者维权事件及《流浪地球》票房超过6亿美元哪个最早发生？,2,1,"[2, 1, 0]","[1, 0, 2]",,,0.3333,0.0000,0.0000
1841,three_ref_hard,Ours,2019年，河南原阳老虎脱逃事件、荆门市消费者维权事件及《流浪地球》票房超过6亿美元哪个最早发生？,2,1,"[2, 1, 0]","[1, 0, 2]",,,0.3333,0.0000,0.0000
2385,three_ref_hard,Standard RAG,以下事件中，哪个发生的时间最早：美联储回购计划延长、斯诺登曝光棱镜项目、张某祥在福建厦门自首？,1,0,"[1, 0, 2]","[0, 1, 2]",,,0.6667,0.0000,0.0000
2385,three_ref_hard,TemporalSort,以下事件中，哪个发生的时间最早：美联储回购计划延长、斯诺登曝光棱镜项目、张某祥在福建厦门自首？,1,2,"[1, 0, 2]","[2, 1, 0]",,,0.3333,0.0000,0.0000
2385,three_ref_hard,E$^2$RAG (reimpl.),以下事件中，哪个发生的时间最早：美联储回购计划延长、斯诺登曝光棱镜项目、张某祥在福建厦门自首？,1,1,"[1, 0, 2]","[1, 0, 2]",,,1.0000,1.0000,1.0000
2385,three_ref_hard,Ours,以下事件中，哪个发生的时间最早：美联储回购计划延长、斯诺登曝光棱镜项目、张某祥在福建厦门自首？,1,1,"[1, 0, 2]","[1, 0, 2]",,,1.0000,1.0000,1.0000
2397,three_ref_hard,Standard RAG,福特的新型野马电动汽车声明、苹果与高通的庭审和新发地疫情源头确认，哪个事件最早发生？,1,0,"[1, 2, 0]","[0, 1, 2]",,,0.3333,0.0000,0.0000
2397,three_ref_hard,TemporalSort,福特的新型野马电动汽车声明、苹果与高通的庭审和新发地疫情源头确认，哪个事件最早发生？,1,1,"[1, 2, 0]","[1, 2, 0]",,,1.0000,1.0000,1.0000
2397,three_ref_hard,E$^2$RAG (reimpl.),福特的新型野马电动汽车声明、苹果与高通的庭审和新发地疫情源头确认，哪个事件最早发生？,1,1,"[1, 2, 0]","[1, 2, 0]",,,1.0000,1.0000,1.0000
2397,three_ref_hard,Ours,福特的新型野马电动汽车声明、苹果与高通的庭审和新发地疫情源头确认，哪个事件最早发生？,1,1,"[1, 2, 0]","[1, 2, 0]",,,1.0000,1.0000,1.0000
3332,three_ref_hard,Standard RAG,下列事件中，普京与拜登的视频会晤、拉米·迪亚克的受贿案开庭和阿富汗巴尔赫省恢复中小学授课，最早发生的是哪个事件？,1,0,"[1, 2, 0]","[0, 1, 2]",,,0.3333,0.0000,0.0000
3332,three_ref_hard,TemporalSort,下列事件中，普京与拜登的视频会晤、拉米·迪亚克的受贿案开庭和阿富汗巴尔赫省恢复中小学授课，最早发生的是哪个事件？,1,1,"[1, 2, 0]","[1, 0, 2]",,,0.6667,1.0000,0.0000
3332,three_ref_hard,E$^2$RAG (reimpl.),下列事件中，普京与拜登的视频会晤、拉米·迪亚克的受贿案开庭和阿富汗巴尔赫省恢复中小学授课，最早发生的是哪个事件？,1,1,"[1, 2, 0]","[1, 2, 0]",,,1.0000,1.0000,1.0000
3332,three_ref_hard,Ours,下列事件中，普京与拜登的视频会晤、拉米·迪亚克的受贿案开庭和阿富汗巴尔赫省恢复中小学授课，最早发生的是哪个事件？,1,1,"[1, 2, 0]","[1, 2, 0]",,,1.0000,1.0000,1.0000
3535,three_ref_hard,Standard RAG,中国减税降费规模、欧盟经济复苏基金提议和《高年龄者雇用安定法》修正案，哪一项是最早提出的？,2,0,"[2, 0, 1]","[0, 1, 2]",,,0.3333,0.0000,0.0000
3535,three_ref_hard,TemporalSort,中国减税降费规模、欧盟经济复苏基金提议和《高年龄者雇用安定法》修正案，哪一项是最早提出的？,2,2,"[2, 0, 1]","[2, 0, 1]",,,1.0000,1.0000,1.0000
3535,three_ref_hard,E$^2$RAG (reimpl.),中国减税降费规模、欧盟经济复苏基金提议和《高年龄者雇用安定法》修正案，哪一项是最早提出的？,2,2,"[2, 0, 1]","[2, 0, 1]",,,1.0000,1.0000,1.0000
3535,three_ref_hard,Ours,中国减税降费规模、欧盟经济复苏基金提议和《高年龄者雇用安定法》修正案，哪一项是最早提出的？,2,2,"[2, 0, 1]","[2, 0, 1]",,,1.0000,1.0000,1.0000
3792,three_ref_hard,Standard RAG,2022年南土资产持股博众精工、北京丰台区幼儿园招生困难、普京任命莫尔古洛夫为俄罗斯驻华大使哪个事件最晚发生？,2,2,"[1, 0, 2]","[0, 1, 2]",,,0.6667,1.0000,0.0000
3792,three_ref_hard,TemporalSort,2022年南土资产持股博众精工、北京丰台区幼儿园招生困难、普京任命莫尔古洛夫为俄罗斯驻华大使哪个事件最晚发生？,2,0,"[1, 0, 2]","[2, 1, 0]",,,0.3333,0.0000,0.0000
3792,three_ref_hard,E$^2$RAG (reimpl.),2022年南土资产持股博众精工、北京丰台区幼儿园招生困难、普京任命莫尔古洛夫为俄罗斯驻华大使哪个事件最晚发生？,2,2,"[1, 0, 2]","[1, 0, 2]",,,1.0000,1.0000,1.0000
3792,three_ref_hard,Ours,2022年南土资产持股博众精工、北京丰台区幼儿园招生困难、普京任命莫尔古洛夫为俄罗斯驻华大使哪个事件最晚发生？,2,2,"[1, 0, 2]","[1, 0, 2]",,,1.0000,1.0000,1.0000
3868,three_ref_hard,Standard RAG,以下哪个事件更早发生：小米12 Ultra发布、周迅的庭院光影写意大片发布、Pixie Lott和Oliver Cheshire结婚？,2,0,"[2, 1, 0]","[0, 1, 2]",,,0.0000,0.0000,0.0000
3868,three_ref_hard,TemporalSort,以下哪个事件更早发生：小米12 Ultra发布、周迅的庭院光影写意大片发布、Pixie Lott和Oliver Cheshire结婚？,2,1,"[2, 1, 0]","[1, 2, 0]",,,0.6667,0.0000,0.0000
3868,three_ref_hard,E$^2$RAG (reimpl.),以下哪个事件更早发生：小米12 Ultra发布、周迅的庭院光影写意大片发布、Pixie Lott和Oliver Cheshire结婚？,2,2,"[2, 1, 0]","[2, 1, 0]",,,1.0000,1.0000,1.0000
3868,three_ref_hard,Ours,以下哪个事件更早发生：小米12 Ultra发布、周迅的庭院光影写意大片发布、Pixie Lott和Oliver Cheshire结婚？,2,2,"[2, 1, 0]","[2, 1, 0]",,,1.0000,1.0000,1.0000
4009,three_ref_hard,Standard RAG,广州队提前降级、阿斯利康疫苗暂停使用和中国广电5G服务开启，哪个事件最早发生？,1,0,"[1, 2, 0]","[0, 1, 2]",,,0.3333,0.0000,0.0000
4009,three_ref_hard,TemporalSort,广州队提前降级、阿斯利康疫苗暂停使用和中国广电5G服务开启，哪个事件最早发生？,1,1,"[1, 2, 0]","[1, 0, 2]",,,0.6667,1.0000,0.0000
4009,three_ref_hard,E$^2$RAG (reimpl.),广州队提前降级、阿斯利康疫苗暂停使用和中国广电5G服务开启，哪个事件最早发生？,1,1,"[1, 2, 0]","[1, 2, 0]",,,1.0000,1.0000,1.0000
4009,three_ref_hard,Ours,广州队提前降级、阿斯利康疫苗暂停使用和中国广电5G服务开启，哪个事件最早发生？,1,1,"[1, 2, 0]","[1, 2, 0]",,,1.0000,1.0000,1.0000
4099,three_ref_hard,Standard RAG,日本中产阶级的萎缩、乌军进入赫尔松市、鲍威尔2024年关于通胀的发布会，这三者中哪个事件最早发生？,1,0,"[1, 0, 2]","[0, 1, 2]",,,0.6667,0.0000,0.0000
4099,three_ref_hard,TemporalSort,日本中产阶级的萎缩、乌军进入赫尔松市、鲍威尔2024年关于通胀的发布会，这三者中哪个事件最早发生？,1,0,"[1, 0, 2]","[0, 2, 1]",,,0.3333,0.0000,0.0000
4099,three_ref_hard,E$^2$RAG (reimpl.),日本中产阶级的萎缩、乌军进入赫尔松市、鲍威尔2024年关于通胀的发布会，这三者中哪个事件最早发生？,1,0,"[1, 0, 2]","[0, 2, 1]",,,0.3333,0.0000,0.0000
4099,three_ref_hard,Ours,日本中产阶级的萎缩、乌军进入赫尔松市、鲍威尔2024年关于通胀的发布会，这三者中哪个事件最早发生？,1,0,"[1, 0, 2]","[0, 2, 1]",,,0.3333,0.0000,0.0000
4341,three_ref_hard,Standard RAG,唐仁健接受调查、林鹏提到投资表现失望和拜耳裁员计划，哪个事件发生最早？,1,0,"[1, 2, 0]","[0, 1, 2]",,,0.3333,0.0000,0.0000
4341,three_ref_hard,TemporalSort,唐仁健接受调查、林鹏提到投资表现失望和拜耳裁员计划，哪个事件发生最早？,1,1,"[1, 2, 0]","[1, 0, 2]",,,0.6667,1.0000,0.0000
4341,three_ref_hard,E$^2$RAG (reimpl.),唐仁健接受调查、林鹏提到投资表现失望和拜耳裁员计划，哪个事件发生最早？,1,1,"[1, 2, 0]","[1, 2, 0]",,,1.0000,1.0000,1.0000
4341,three_ref_hard,Ours,唐仁健接受调查、林鹏提到投资表现失望和拜耳裁员计划，哪个事件发生最早？,1,1,"[1, 2, 0]","[1, 2, 0]",,,1.0000,1.0000,1.0000
1375,three_ref_hard,Standard RAG,费城76人取得5连胜，马龙在德班世乒赛不敌吉村真晴和孟羽童离开格力，哪个事件最早发生？,1,0,"[1, 0, 2]","[0, 1, 2]",,,0.6667,0.0000,0.0000
1375,three_ref_hard,TemporalSort,费城76人取得5连胜，马龙在德班世乒赛不敌吉村真晴和孟羽童离开格力，哪个事件最早发生？,1,0,"[1, 0, 2]","[0, 1, 2]",,,0.6667,0.0000,0.0000
1375,three_ref_hard,E$^2$RAG (reimpl.),费城76人取得5连胜，马龙在德班世乒赛不敌吉村真晴和孟羽童离开格力，哪个事件最早发生？,1,1,"[1, 0, 2]","[1, 0, 2]",,,1.0000,1.0000,1.0000
1375,three_ref_hard,Ours,费城76人取得5连胜，马龙在德班世乒赛不敌吉村真晴和孟羽童离开格力，哪个事件最早发生？,1,1,"[1, 0, 2]","[1, 0, 2]",,,1.0000,1.0000,1.0000
2493,three_ref_hard,Standard RAG,2023年1月2日金烨加盟印尼雅加达BIN排球俱乐部，2023年7月14日深圳市小牛资本案宣判，2023年10月7日哈马斯俘获以色列官兵，哪个事件在2023年最早发生？,1,0,"[1, 2, 0]","[0, 1, 2]",,,0.3333,0.0000,0.0000
2493,three_ref_hard,TemporalSort,2023年1月2日金烨加盟印尼雅加达BIN排球俱乐部，2023年7月14日深圳市小牛资本案宣判，2023年10月7日哈马斯俘获以色列官兵，哪个事件在2023年最早发生？,1,0,"[1, 2, 0]","[0, 1, 2]",,,0.3333,0.0000,0.0000
2493,three_ref_hard,E$^2$RAG (reimpl.),2023年1月2日金烨加盟印尼雅加达BIN排球俱乐部，2023年7月14日深圳市小牛资本案宣判，2023年10月7日哈马斯俘获以色列官兵，哪个事件在2023年最早发生？,1,1,"[1, 2, 0]","[1, 2, 0]",,,1.0000,1.0000,1.0000
2493,three_ref_hard,Ours,2023年1月2日金烨加盟印尼雅加达BIN排球俱乐部，2023年7月14日深圳市小牛资本案宣判，2023年10月7日哈马斯俘获以色列官兵，哪个事件在2023年最早发生？,1,1,"[1, 2, 0]","[1, 2, 0]",,,1.0000,1.0000,1.0000
587,three_ref_hard,Standard RAG,吴愉赢得杭州亚运会金牌、习近平会见加州州长纽森、金正恩视察朝鲜国家航空航天技术总局，哪个事件最早发生？,0,0,"[0, 1, 2]","[0, 1, 2]",,,1.0000,1.0000,1.0000
587,three_ref_hard,TemporalSort,吴愉赢得杭州亚运会金牌、习近平会见加州州长纽森、金正恩视察朝鲜国家航空航天技术总局，哪个事件最早发生？,0,0,"[0, 1, 2]","[0, 1, 2]",,,1.0000,1.0000,1.0000
587,three_ref_hard,E$^2$RAG (reimpl.),吴愉赢得杭州亚运会金牌、习近平会见加州州长纽森、金正恩视察朝鲜国家航空航天技术总局，哪个事件最早发生？,0,0,"[0, 1, 2]","[0, 1, 2]",,,1.0000,1.0000,1.0000
587,three_ref_hard,Ours,吴愉赢得杭州亚运会金牌、习近平会见加州州长纽森、金正恩视察朝鲜国家航空航天技术总局，哪个事件最早发生？,0,0,"[0, 1, 2]","[0, 1, 2]",,,1.0000,1.0000,1.0000
4397,three_ref_hard,Standard RAG,锂价下跌的时间、东岸洪灾被宣布为国家紧急事件和木鱼ETF分析主题投资时间中，哪一个事件最早发生？,1,0,"[1, 2, 0]","[0, 1, 2]",,,0.3333,0.0000,0.0000
4397,three_ref_hard,TemporalSort,锂价下跌的时间、东岸洪灾被宣布为国家紧急事件和木鱼ETF分析主题投资时间中，哪一个事件最早发生？,1,1,"[1, 2, 0]","[1, 2, 0]",,,1.0000,1.0000,1.0000
4397,three_ref_hard,E$^2$RAG (reimpl.),锂价下跌的时间、东岸洪灾被宣布为国家紧急事件和木鱼ETF分析主题投资时间中，哪一个事件最早发生？,1,1,"[1, 2, 0]","[1, 2, 0]",,,1.0000,1.0000,1.0000
4397,three_ref_hard,Ours,锂价下跌的时间、东岸洪灾被宣布为国家紧急事件和木鱼ETF分析主题投资时间中，哪一个事件最早发生？,1,1,"[1, 2, 0]","[1, 2, 0]",,,1.0000,1.0000,1.0000
983,three_ref_hard,Standard RAG,FBI的成立、中国外交部对美国发表态度和天问一号成功进入火星轨道，按时间顺序哪个事件最早发生？,0,0,"[0, 1, 2]","[0, 1, 2]",,,1.0000,1.0000,1.0000
983,three_ref_hard,TemporalSort,FBI的成立、中国外交部对美国发表态度和天问一号成功进入火星轨道，按时间顺序哪个事件最早发生？,0,0,"[0, 1, 2]","[0, 1, 2]",,,1.0000,1.0000,1.0000
983,three_ref_hard,E$^2$RAG (reimpl.),FBI的成立、中国外交部对美国发表态度和天问一号成功进入火星轨道，按时间顺序哪个事件最早发生？,0,0,"[0, 1, 2]","[0, 1, 2]",,,1.0000,1.0000,1.0000
983,three_ref_hard,Ours,FBI的成立、中国外交部对美国发表态度和天问一号成功进入火星轨道，按时间顺序哪个事件最早发生？,0,0,"[0, 1, 2]","[0, 1, 2]",,,1.0000,1.0000,1.0000
23,reversed_hard,Standard RAG,阿维·布鲁斯少将接替耶胡达·福克斯成为以军中央司令部司令，和李波以副行长身份参加博鳌亚洲论坛哪个事件先发生？,1,0,"[1, 0]","[0, 1]","[""问题：2024年7月8日阿维·布鲁斯少将接替谁成为以军中央司令部司令？答案：耶胡达·福克斯"", ""问题：李波是什么时候以副行长身份参加博鳌亚洲论坛的？答案：2024年4月13日""]","{""order"": [0, 1], ""anchor"": 0}",0.0000,0.0000,0.0000
23,reversed_hard,TemporalSort,阿维·布鲁斯少将接替耶胡达·福克斯成为以军中央司令部司令，和李波以副行长身份参加博鳌亚洲论坛哪个事件先发生？,1,1,"[1, 0]","[1, 0]","[""问题：2024年7月8日阿维·布鲁斯少将接替谁成为以军中央司令部司令？答案：耶胡达·福克斯"", ""问题：李波是什么时候以副行长身份参加博鳌亚洲论坛的？答案：2024年4月13日""]","{""order"": [1, 0], ""anchor"": 1}",1.0000,1.0000,1.0000
23,reversed_hard,E$^2$RAG (reimpl.),阿维·布鲁斯少将接替耶胡达·福克斯成为以军中央司令部司令，和李波以副行长身份参加博鳌亚洲论坛哪个事件先发生？,1,1,"[1, 0]","[1, 0]","[""问题：2024年7月8日阿维·布鲁斯少将接替谁成为以军中央司令部司令？答案：耶胡达·福克斯"", ""问题：李波是什么时候以副行长身份参加博鳌亚洲论坛的？答案：2024年4月13日""]","{""order"": [1, 0], ""anchor"": 1}",1.0000,1.0000,1.0000
23,reversed_hard,Ours,阿维·布鲁斯少将接替耶胡达·福克斯成为以军中央司令部司令，和李波以副行长身份参加博鳌亚洲论坛哪个事件先发生？,1,1,"[1, 0]","[1, 0]","[""问题：2024年7月8日阿维·布鲁斯少将接替谁成为以军中央司令部司令？答案：耶胡达·福克斯"", ""问题：李波是什么时候以副行长身份参加博鳌亚洲论坛的？答案：2024年4月13日""]","{""order"": [1, 0], ""anchor"": 1}",1.0000,1.0000,1.0000
115,reversed_hard,Standard RAG,布林肯和珍妮特·耶伦访问中国，谁更早进行访问？,1,0,"[1, 0]","[0, 1]","[""珍妮特·耶伦何时访问中国？答案：2023年7月6日至9日"", ""布林肯何时访华？答案：2023年6月18日至19日""]","{""order"": [0, 1], ""anchor"": 0}",0.0000,0.0000,0.0000
115,reversed_hard,TemporalSort,布林肯和珍妮特·耶伦访问中国，谁更早进行访问？,1,1,"[1, 0]","[1, 0]","[""珍妮特·耶伦何时访问中国？答案：2023年7月6日至9日"", ""布林肯何时访华？答案：2023年6月18日至19日""]","{""order"": [1, 0], ""anchor"": 1}",1.0000,1.0000,1.0000
115,reversed_hard,E$^2$RAG (reimpl.),布林肯和珍妮特·耶伦访问中国，谁更早进行访问？,1,1,"[1, 0]","[1, 0]","[""珍妮特·耶伦何时访问中国？答案：2023年7月6日至9日"", ""布林肯何时访华？答案：2023年6月18日至19日""]","{""order"": [1, 0], ""anchor"": 1}",1.0000,1.0000,1.0000
115,reversed_hard,Ours,布林肯和珍妮特·耶伦访问中国，谁更早进行访问？,1,1,"[1, 0]","[1, 0]","[""珍妮特·耶伦何时访问中国？答案：2023年7月6日至9日"", ""布林肯何时访华？答案：2023年6月18日至19日""]","{""order"": [1, 0], ""anchor"": 1}",1.0000,1.0000,1.0000
371,reversed_hard,Standard RAG,成都蓉城战胜沧州雄狮和曼城对阵切尔西，哪个事件发生的时间更早？,1,0,"[1, 0]","[0, 1]","[""2024年8月19日曼城的对手是谁？答案：切尔西"", ""成都蓉城在2024年6月30日的比赛结果是什么？答案：4-0战胜沧州雄狮""]","{""order"": [0, 1], ""anchor"": 0}",0.0000,0.0000,0.0000
371,reversed_hard,TemporalSort,成都蓉城战胜沧州雄狮和曼城对阵切尔西，哪个事件发生的时间更早？,1,0,"[1, 0]","[0, 1]","[""2024年8月19日曼城的对手是谁？答案：切尔西"", ""成都蓉城在2024年6月30日的比赛结果是什么？答案：4-0战胜沧州雄狮""]","{""order"": [0, 1], ""anchor"": 0}",0.0000,0.0000,0.0000
371,reversed_hard,E$^2$RAG (reimpl.),成都蓉城战胜沧州雄狮和曼城对阵切尔西，哪个事件发生的时间更早？,1,1,"[1, 0]","[1, 0]","[""2024年8月19日曼城的对手是谁？答案：切尔西"", ""成都蓉城在2024年6月30日的比赛结果是什么？答案：4-0战胜沧州雄狮""]","{""order"": [1, 0], ""anchor"": 1}",1.0000,1.0000,1.0000
371,reversed_hard,Ours,成都蓉城战胜沧州雄狮和曼城对阵切尔西，哪个事件发生的时间更早？,1,1,"[1, 0]","[1, 0]","[""2024年8月19日曼城的对手是谁？答案：切尔西"", ""成都蓉城在2024年6月30日的比赛结果是什么？答案：4-0战胜沧州雄狮""]","{""order"": [1, 0], ""anchor"": 1}",1.0000,1.0000,1.0000
448,reversed_hard,Standard RAG,阿森纳对阵谢菲尔德联和AC米兰对阵博洛尼亚，哪一场比赛更早进行？,1,0,"[1, 0]","[0, 1]","[""阿森纳在2024年3月5日对阵谢菲尔德联的比赛结果是什么？答案：6-0"", ""AC米兰在2023年8月22日的比赛中以什么比分战胜博洛尼亚？答案：2-0""]","{""order"": [0, 1], ""anchor"": 0}",0.0000,0.0000,0.0000
448,reversed_hard,TemporalSort,阿森纳对阵谢菲尔德联和AC米兰对阵博洛尼亚，哪一场比赛更早进行？,1,0,"[1, 0]","[0, 1]","[""阿森纳在2024年3月5日对阵谢菲尔德联的比赛结果是什么？答案：6-0"", ""AC米兰在2023年8月22日的比赛中以什么比分战胜博洛尼亚？答案：2-0""]","{""order"": [0, 1], ""anchor"": 0}",0.0000,0.0000,0.0000
448,reversed_hard,E$^2$RAG (reimpl.),阿森纳对阵谢菲尔德联和AC米兰对阵博洛尼亚，哪一场比赛更早进行？,1,1,"[1, 0]","[1, 0]","[""阿森纳在2024年3月5日对阵谢菲尔德联的比赛结果是什么？答案：6-0"", ""AC米兰在2023年8月22日的比赛中以什么比分战胜博洛尼亚？答案：2-0""]","{""order"": [1, 0], ""anchor"": 1}",1.0000,1.0000,1.0000
448,reversed_hard,Ours,阿森纳对阵谢菲尔德联和AC米兰对阵博洛尼亚，哪一场比赛更早进行？,1,1,"[1, 0]","[1, 0]","[""阿森纳在2024年3月5日对阵谢菲尔德联的比赛结果是什么？答案：6-0"", ""AC米兰在2023年8月22日的比赛中以什么比分战胜博洛尼亚？答案：2-0""]","{""order"": [1, 0], ""anchor"": 1}",1.0000,1.0000,1.0000
768,reversed_hard,Standard RAG,以下事件中哪个发生得最早？墨西哥卫生部报告6875例新冠确诊（2024年），中超联赛沧州雄狮战北京国安（2022年），特朗普呼吁停止量化紧缩（2019年），克里姆林宫不承认比特币（2021年）。,2,0,"[2, 3, 1, 0]","[0, 1, 2, 3]","[""问题：墨西哥卫生部在2024年4月17日报告了多少例新冠肺炎确诊病例？答案：6875例"", ""问题：2022年6月25日中超联赛中沧州雄狮与哪个球队战平？答案：北京国安"", ""问题：特朗普在2019年8月9日呼吁什么政策？答案：停止量化紧缩"", ""问题：克里姆林宫在何时宣布俄罗斯不打算承认比特币？答案：2021年9月7日""]","{""order"": [0, 1, 2, 3], ""anchor"": 0}",0.1667,0.0000,0.0000
768,reversed_hard,TemporalSort,以下事件中哪个发生得最早？墨西哥卫生部报告6875例新冠确诊（2024年），中超联赛沧州雄狮战北京国安（2022年），特朗普呼吁停止量化紧缩（2019年），克里姆林宫不承认比特币（2021年）。,2,3,"[2, 3, 1, 0]","[3, 0, 1, 2]","[""问题：墨西哥卫生部在2024年4月17日报告了多少例新冠肺炎确诊病例？答案：6875例"", ""问题：2022年6月25日中超联赛中沧州雄狮与哪个球队战平？答案：北京国安"", ""问题：特朗普在2019年8月9日呼吁什么政策？答案：停止量化紧缩"", ""问题：克里姆林宫在何时宣布俄罗斯不打算承认比特币？答案：2021年9月7日""]","{""order"": [3, 0, 1, 2], ""anchor"": 3}",0.3333,0.0000,0.0000
768,reversed_hard,E$^2$RAG (reimpl.),以下事件中哪个发生得最早？墨西哥卫生部报告6875例新冠确诊（2024年），中超联赛沧州雄狮战北京国安（2022年），特朗普呼吁停止量化紧缩（2019年），克里姆林宫不承认比特币（2021年）。,2,2,"[2, 3, 1, 0]","[2, 3, 1, 0]","[""问题：墨西哥卫生部在2024年4月17日报告了多少例新冠肺炎确诊病例？答案：6875例"", ""问题：2022年6月25日中超联赛中沧州雄狮与哪个球队战平？答案：北京国安"", ""问题：特朗普在2019年8月9日呼吁什么政策？答案：停止量化紧缩"", ""问题：克里姆林宫在何时宣布俄罗斯不打算承认比特币？答案：2021年9月7日""]","{""order"": [2, 3, 1, 0], ""anchor"": 2}",1.0000,1.0000,1.0000
768,reversed_hard,Ours,以下事件中哪个发生得最早？墨西哥卫生部报告6875例新冠确诊（2024年），中超联赛沧州雄狮战北京国安（2022年），特朗普呼吁停止量化紧缩（2019年），克里姆林宫不承认比特币（2021年）。,2,2,"[2, 3, 1, 0]","[2, 3, 1, 0]","[""问题：墨西哥卫生部在2024年4月17日报告了多少例新冠肺炎确诊病例？答案：6875例"", ""问题：2022年6月25日中超联赛中沧州雄狮与哪个球队战平？答案：北京国安"", ""问题：特朗普在2019年8月9日呼吁什么政策？答案：停止量化紧缩"", ""问题：克里姆林宫在何时宣布俄罗斯不打算承认比特币？答案：2021年9月7日""]","{""order"": [2, 3, 1, 0], ""anchor"": 2}",1.0000,1.0000,1.0000
965,reversed_hard,Standard RAG,2023年欧盟夏季峰会召开时间和韩美领导人签署《华盛顿宣言》的时间哪个更早？,1,0,"[1, 0]","[0, 1]","[""2023年6月29日至30日欧盟在哪召开了夏季峰会？答案：布鲁塞尔"", ""2023年4月26日韩美领导人签署了什么协议？答案：《华盛顿宣言》""]","{""order"": [0, 1], ""anchor"": 0}",0.0000,0.0000,0.0000
965,reversed_hard,TemporalSort,2023年欧盟夏季峰会召开时间和韩美领导人签署《华盛顿宣言》的时间哪个更早？,1,0,"[1, 0]","[0, 1]","[""2023年6月29日至30日欧盟在哪召开了夏季峰会？答案：布鲁塞尔"", ""2023年4月26日韩美领导人签署了什么协议？答案：《华盛顿宣言》""]","{""order"": [0, 1], ""anchor"": 0}",0.0000,0.0000,0.0000
965,reversed_hard,E$^2$RAG (reimpl.),2023年欧盟夏季峰会召开时间和韩美领导人签署《华盛顿宣言》的时间哪个更早？,1,1,"[1, 0]","[1, 0]","[""2023年6月29日至30日欧盟在哪召开了夏季峰会？答案：布鲁塞尔"", ""2023年4月26日韩美领导人签署了什么协议？答案：《华盛顿宣言》""]","{""order"": [1, 0], ""anchor"": 1}",1.0000,1.0000,1.0000
965,reversed_hard,Ours,2023年欧盟夏季峰会召开时间和韩美领导人签署《华盛顿宣言》的时间哪个更早？,1,1,"[1, 0]","[1, 0]","[""2023年6月29日至30日欧盟在哪召开了夏季峰会？答案：布鲁塞尔"", ""2023年4月26日韩美领导人签署了什么协议？答案：《华盛顿宣言》""]","{""order"": [1, 0], ""anchor"": 1}",1.0000,1.0000,1.0000
1135,reversed_hard,Standard RAG,在北京东城区、西城区和通州区开始实施道路停车改革，浙江证监局对宋城演艺高层采取措施哪个发生得更早？,1,0,"[1, 0]","[0, 1]","[""浙江证监局在2023年1月初对宋城演艺的高层采取了什么措施？答案：出具警示函"", ""北京东城区、西城区和通州区在何时开始实施道路停车改革？答案：2019年1月1日""]","{""order"": [0, 1], ""anchor"": 0}",0.0000,0.0000,0.0000
1135,reversed_hard,TemporalSort,在北京东城区、西城区和通州区开始实施道路停车改革，浙江证监局对宋城演艺高层采取措施哪个发生得更早？,1,1,"[1, 0]","[1, 0]","[""浙江证监局在2023年1月初对宋城演艺的高层采取了什么措施？答案：出具警示函"", ""北京东城区、西城区和通州区在何时开始实施道路停车改革？答案：2019年1月1日""]","{""order"": [1, 0], ""anchor"": 1}",1.0000,1.0000,1.0000
1135,reversed_hard,E$^2$RAG (reimpl.),在北京东城区、西城区和通州区开始实施道路停车改革，浙江证监局对宋城演艺高层采取措施哪个发生得更早？,1,1,"[1, 0]","[1, 0]","[""浙江证监局在2023年1月初对宋城演艺的高层采取了什么措施？答案：出具警示函"", ""北京东城区、西城区和通州区在何时开始实施道路停车改革？答案：2019年1月1日""]","{""order"": [1, 0], ""anchor"": 1}",1.0000,1.0000,1.0000
1135,reversed_hard,Ours,在北京东城区、西城区和通州区开始实施道路停车改革，浙江证监局对宋城演艺高层采取措施哪个发生得更早？,1,1,"[1, 0]","[1, 0]","[""浙江证监局在2023年1月初对宋城演艺的高层采取了什么措施？答案：出具警示函"", ""北京东城区、西城区和通州区在何时开始实施道路停车改革？答案：2019年1月1日""]","{""order"": [1, 0], ""anchor"": 1}",1.0000,1.0000,1.0000
1204,reversed_hard,Standard RAG,以色列军队轰炸努赛赖特难民营内的学校与中国队在新加坡羽毛球公开赛的战绩公布，哪个事件发生在先？,1,0,"[1, 0]","[0, 1]","[""问：以色列军队在2024年7月6日轰炸了什么地方？答案：努赛赖特难民营内的一所学校"", ""问：中国队在2024年5月30日的新加坡羽毛球公开赛的战绩如何？答案：11胜7负""]","{""order"": [0, 1], ""anchor"": 0}",0.0000,0.0000,0.0000
1204,reversed_hard,TemporalSort,以色列军队轰炸努赛赖特难民营内的学校与中国队在新加坡羽毛球公开赛的战绩公布，哪个事件发生在先？,1,0,"[1, 0]","[0, 1]","[""问：以色列军队在2024年7月6日轰炸了什么地方？答案：努赛赖特难民营内的一所学校"", ""问：中国队在2024年5月30日的新加坡羽毛球公开赛的战绩如何？答案：11胜7负""]","{""order"": [0, 1], ""anchor"": 0}",0.0000,0.0000,0.0000
1204,reversed_hard,E$^2$RAG (reimpl.),以色列军队轰炸努赛赖特难民营内的学校与中国队在新加坡羽毛球公开赛的战绩公布，哪个事件发生在先？,1,1,"[1, 0]","[1, 0]","[""问：以色列军队在2024年7月6日轰炸了什么地方？答案：努赛赖特难民营内的一所学校"", ""问：中国队在2024年5月30日的新加坡羽毛球公开赛的战绩如何？答案：11胜7负""]","{""order"": [1, 0], ""anchor"": 1}",1.0000,1.0000,1.0000
1204,reversed_hard,Ours,以色列军队轰炸努赛赖特难民营内的学校与中国队在新加坡羽毛球公开赛的战绩公布，哪个事件发生在先？,1,1,"[1, 0]","[1, 0]","[""问：以色列军队在2024年7月6日轰炸了什么地方？答案：努赛赖特难民营内的一所学校"", ""问：中国队在2024年5月30日的新加坡羽毛球公开赛的战绩如何？答案：11胜7负""]","{""order"": [1, 0], ""anchor"": 1}",1.0000,1.0000,1.0000
1407,reversed_hard,Standard RAG,2024年2月29日中超冬季转会窗口关闭和2024年2月5日宁波城区的临时限制供水，哪个事件更早发生？,1,0,"[1, 0]","[0, 1]","[""问题：2024年中超冬季转会窗口什么时候关闭的？答案：2024年2月29日"", ""问题：2024年2月5日宁波城区开始实施什么措施？答案：临时限制供水""]","{""order"": [0, 1], ""anchor"": 0}",0.0000,0.0000,0.0000
1407,reversed_hard,TemporalSort,2024年2月29日中超冬季转会窗口关闭和2024年2月5日宁波城区的临时限制供水，哪个事件更早发生？,1,0,"[1, 0]","[0, 1]","[""问题：2024年中超冬季转会窗口什么时候关闭的？答案：2024年2月29日"", ""问题：2024年2月5日宁波城区开始实施什么措施？答案：临时限制供水""]","{""order"": [0, 1], ""anchor"": 0}",0.0000,0.0000,0.0000
1407,reversed_hard,E$^2$RAG (reimpl.),2024年2月29日中超冬季转会窗口关闭和2024年2月5日宁波城区的临时限制供水，哪个事件更早发生？,1,1,"[1, 0]","[1, 0]","[""问题：2024年中超冬季转会窗口什么时候关闭的？答案：2024年2月29日"", ""问题：2024年2月5日宁波城区开始实施什么措施？答案：临时限制供水""]","{""order"": [1, 0], ""anchor"": 1}",1.0000,1.0000,1.0000
1407,reversed_hard,Ours,2024年2月29日中超冬季转会窗口关闭和2024年2月5日宁波城区的临时限制供水，哪个事件更早发生？,1,1,"[1, 0]","[1, 0]","[""问题：2024年中超冬季转会窗口什么时候关闭的？答案：2024年2月29日"", ""问题：2024年2月5日宁波城区开始实施什么措施？答案：临时限制供水""]","{""order"": [1, 0], ""anchor"": 1}",1.0000,1.0000,1.0000
1408,reversed_hard,Standard RAG,2019年男士穿衣搭配杂志讨论西装搭配高领毛衣和AirPods Pro发布，哪个事件发生得更早？,1,0,"[1, 0]","[0, 1]","[""2019年12月23日哪篇杂志讨论了西装搭配高领毛衣？答案：男士穿衣搭配杂志"", ""2019年10月30日AirPods Pro的发售时间是什么？答案：2019年10月30日""]","{""order"": [0, 1], ""anchor"": 0}",0.0000,0.0000,0.0000
1408,reversed_hard,TemporalSort,2019年男士穿衣搭配杂志讨论西装搭配高领毛衣和AirPods Pro发布，哪个事件发生得更早？,1,1,"[1, 0]","[1, 0]","[""2019年12月23日哪篇杂志讨论了西装搭配高领毛衣？答案：男士穿衣搭配杂志"", ""2019年10月30日AirPods Pro的发售时间是什么？答案：2019年10月30日""]","{""order"": [1, 0], ""anchor"": 1}",1.0000,1.0000,1.0000
1408,reversed_hard,E$^2$RAG (reimpl.),2019年男士穿衣搭配杂志讨论西装搭配高领毛衣和AirPods Pro发布，哪个事件发生得更早？,1,1,"[1, 0]","[1, 0]","[""2019年12月23日哪篇杂志讨论了西装搭配高领毛衣？答案：男士穿衣搭配杂志"", ""2019年10月30日AirPods Pro的发售时间是什么？答案：2019年10月30日""]","{""order"": [1, 0], ""anchor"": 1}",1.0000,1.0000,1.0000
1408,reversed_hard,Ours,2019年男士穿衣搭配杂志讨论西装搭配高领毛衣和AirPods Pro发布，哪个事件发生得更早？,1,1,"[1, 0]","[1, 0]","[""2019年12月23日哪篇杂志讨论了西装搭配高领毛衣？答案：男士穿衣搭配杂志"", ""2019年10月30日AirPods Pro的发售时间是什么？答案：2019年10月30日""]","{""order"": [1, 0], ""anchor"": 1}",1.0000,1.0000,1.0000
1418,reversed_hard,Standard RAG,王润生被立案侦查和丁光宏关注太湖流域水环境治理问题，哪个事件发生得更早？,1,0,"[1, 0]","[0, 1]","[""王润生在何时被立案侦查？答案：2019年5月"", ""丁光宏在2019年3月7日关注了哪个区域的水环境治理问题？答案：太湖流域""]","{""order"": [0, 1], ""anchor"": 0}",0.0000,0.0000,0.0000
1418,reversed_hard,TemporalSort,王润生被立案侦查和丁光宏关注太湖流域水环境治理问题，哪个事件发生得更早？,1,0,"[1, 0]","[0, 1]","[""王润生在何时被立案侦查？答案：2019年5月"", ""丁光宏在2019年3月7日关注了哪个区域的水环境治理问题？答案：太湖流域""]","{""order"": [0, 1], ""anchor"": 0}",0.0000,0.0000,0.0000
1418,reversed_hard,E$^2$RAG (reimpl.),王润生被立案侦查和丁光宏关注太湖流域水环境治理问题，哪个事件发生得更早？,1,1,"[1, 0]","[1, 0]","[""王润生在何时被立案侦查？答案：2019年5月"", ""丁光宏在2019年3月7日关注了哪个区域的水环境治理问题？答案：太湖流域""]","{""order"": [1, 0], ""anchor"": 1}",1.0000,1.0000,1.0000
1418,reversed_hard,Ours,王润生被立案侦查和丁光宏关注太湖流域水环境治理问题，哪个事件发生得更早？,1,1,"[1, 0]","[1, 0]","[""王润生在何时被立案侦查？答案：2019年5月"", ""丁光宏在2019年3月7日关注了哪个区域的水环境治理问题？答案：太湖流域""]","{""order"": [1, 0], ""anchor"": 1}",1.0000,1.0000,1.0000
1429,reversed_hard,Standard RAG,《中华人民共和国长江保护法》的正式实施和越南驻英国大使前往埃塞克斯郡事故现场哪个事件发生在更早？,1,0,"[1, 0]","[0, 1]","[""《中华人民共和国长江保护法》是什么时候正式实施的？答案：2021年3月"", ""越南驻英国大使什么时候前往埃塞克斯郡事故现场？答案：2019年10月27日""]","{""order"": [0, 1], ""anchor"": 0}",0.0000,0.0000,0.0000
1429,reversed_hard,TemporalSort,《中华人民共和国长江保护法》的正式实施和越南驻英国大使前往埃塞克斯郡事故现场哪个事件发生在更早？,1,1,"[1, 0]","[1, 0]","[""《中华人民共和国长江保护法》是什么时候正式实施的？答案：2021年3月"", ""越南驻英国大使什么时候前往埃塞克斯郡事故现场？答案：2019年10月27日""]","{""order"": [1, 0], ""anchor"": 1}",1.0000,1.0000,1.0000
1429,reversed_hard,E$^2$RAG (reimpl.),《中华人民共和国长江保护法》的正式实施和越南驻英国大使前往埃塞克斯郡事故现场哪个事件发生在更早？,1,1,"[1, 0]","[1, 0]","[""《中华人民共和国长江保护法》是什么时候正式实施的？答案：2021年3月"", ""越南驻英国大使什么时候前往埃塞克斯郡事故现场？答案：2019年10月27日""]","{""order"": [1, 0], ""anchor"": 1}",1.0000,1.0000,1.0000
1429,reversed_hard,Ours,《中华人民共和国长江保护法》的正式实施和越南驻英国大使前往埃塞克斯郡事故现场哪个事件发生在更早？,1,1,"[1, 0]","[1, 0]","[""《中华人民共和国长江保护法》是什么时候正式实施的？答案：2021年3月"", ""越南驻英国大使什么时候前往埃塞克斯郡事故现场？答案：2019年10月27日""]","{""order"": [1, 0], ""anchor"": 1}",1.0000,1.0000,1.0000
1503,reversed_hard,Standard RAG,库什纳表示流感对孩子威胁比新冠病毒高和林清玄去世哪个事件发生得更早？,1,0,"[1, 0]","[0, 1]","[""库什纳在什么时间表示流感对孩子的威胁比新冠病毒高？答案：2020年8月18日"", ""林清玄于哪一天去世？答案：2019年1月23日""]","{""order"": [0, 1], ""anchor"": 0}",0.0000,0.0000,0.0000
1503,reversed_hard,TemporalSort,库什纳表示流感对孩子威胁比新冠病毒高和林清玄去世哪个事件发生得更早？,1,1,"[1, 0]","[1, 0]","[""库什纳在什么时间表示流感对孩子的威胁比新冠病毒高？答案：2020年8月18日"", ""林清玄于哪一天去世？答案：2019年1月23日""]","{""order"": [1, 0], ""anchor"": 1}",1.0000,1.0000,1.0000
1503,reversed_hard,E$^2$RAG (reimpl.),库什纳表示流感对孩子威胁比新冠病毒高和林清玄去世哪个事件发生得更早？,1,1,"[1, 0]","[1, 0]","[""库什纳在什么时间表示流感对孩子的威胁比新冠病毒高？答案：2020年8月18日"", ""林清玄于哪一天去世？答案：2019年1月23日""]","{""order"": [1, 0], ""anchor"": 1}",1.0000,1.0000,1.0000
1503,reversed_hard,Ours,库什纳表示流感对孩子威胁比新冠病毒高和林清玄去世哪个事件发生得更早？,1,1,"[1, 0]","[1, 0]","[""库什纳在什么时间表示流感对孩子的威胁比新冠病毒高？答案：2020年8月18日"", ""林清玄于哪一天去世？答案：2019年1月23日""]","{""order"": [1, 0], ""anchor"": 1}",1.0000,1.0000,1.0000
1579,reversed_hard,Standard RAG,重庆南川区的森林大火和武汉的解封哪个事件发生得更早？,1,0,"[1, 0]","[0, 1]","[""问题：2022年8月18日重庆市南川区发生了什么重大事件？答案：森林大火"", ""问题：武汉在什么时候解封的？答案：2020年4月8日""]","{""order"": [0, 1], ""anchor"": 0}",0.0000,0.0000,0.0000
1579,reversed_hard,TemporalSort,重庆南川区的森林大火和武汉的解封哪个事件发生得更早？,1,1,"[1, 0]","[1, 0]","[""问题：2022年8月18日重庆市南川区发生了什么重大事件？答案：森林大火"", ""问题：武汉在什么时候解封的？答案：2020年4月8日""]","{""order"": [1, 0], ""anchor"": 1}",1.0000,1.0000,1.0000
1579,reversed_hard,E$^2$RAG (reimpl.),重庆南川区的森林大火和武汉的解封哪个事件发生得更早？,1,1,"[1, 0]","[1, 0]","[""问题：2022年8月18日重庆市南川区发生了什么重大事件？答案：森林大火"", ""问题：武汉在什么时候解封的？答案：2020年4月8日""]","{""order"": [1, 0], ""anchor"": 1}",1.0000,1.0000,1.0000
1579,reversed_hard,Ours,重庆南川区的森林大火和武汉的解封哪个事件发生得更早？,1,1,"[1, 0]","[1, 0]","[""问题：2022年8月18日重庆市南川区发生了什么重大事件？答案：森林大火"", ""问题：武汉在什么时候解封的？答案：2020年4月8日""]","{""order"": [1, 0], ""anchor"": 1}",1.0000,1.0000,1.0000
1824,reversed_hard,Standard RAG,2024年中国网络文明大会和中国汽车蓝皮书论坛哪个更早举行？,1,0,"[1, 0]","[0, 1]","[""问题：2024年中国网络文明大会具体召开日期是什么时候？答案：2024年8月28日至29日"", ""问题：2024年6月14日至16日中国汽车蓝皮书论坛在哪举行？答案：北京国测国际会议会展中心""]","{""order"": [0, 1], ""anchor"": 0}",0.0000,0.0000,0.0000
1824,reversed_hard,TemporalSort,2024年中国网络文明大会和中国汽车蓝皮书论坛哪个更早举行？,1,0,"[1, 0]","[0, 1]","[""问题：2024年中国网络文明大会具体召开日期是什么时候？答案：2024年8月28日至29日"", ""问题：2024年6月14日至16日中国汽车蓝皮书论坛在哪举行？答案：北京国测国际会议会展中心""]","{""order"": [0, 1], ""anchor"": 0}",0.0000,0.0000,0.0000
1824,reversed_hard,E$^2$RAG (reimpl.),2024年中国网络文明大会和中国汽车蓝皮书论坛哪个更早举行？,1,1,"[1, 0]","[1, 0]","[""问题：2024年中国网络文明大会具体召开日期是什么时候？答案：2024年8月28日至29日"", ""问题：2024年6月14日至16日中国汽车蓝皮书论坛在哪举行？答案：北京国测国际会议会展中心""]","{""order"": [1, 0], ""anchor"": 1}",1.0000,1.0000,1.0000
1824,reversed_hard,Ours,2024年中国网络文明大会和中国汽车蓝皮书论坛哪个更早举行？,1,1,"[1, 0]","[1, 0]","[""问题：2024年中国网络文明大会具体召开日期是什么时候？答案：2024年8月28日至29日"", ""问题：2024年6月14日至16日中国汽车蓝皮书论坛在哪举行？答案：北京国测国际会议会展中心""]","{""order"": [1, 0], ""anchor"": 1}",1.0000,1.0000,1.0000
164,control_ordered,Standard RAG,金正恩访问俄罗斯和宋为群辞去强生中国区主席职务哪个事件发生得更早?,0,0,"[0, 1]","[0, 1]","[""问题：金正恩计划于2024年4月的哪一半月访问俄罗斯？答案：下半月"", ""问题：宋为群将在何时辞去强生中国区主席职务？答案：2024年9月底""]","{""order"": [0, 1], ""anchor"": 0}",1.0000,1.0000,1.0000
164,control_ordered,TemporalSort,金正恩访问俄罗斯和宋为群辞去强生中国区主席职务哪个事件发生得更早?,0,1,"[0, 1]","[1, 0]","[""问题：金正恩计划于2024年4月的哪一半月访问俄罗斯？答案：下半月"", ""问题：宋为群将在何时辞去强生中国区主席职务？答案：2024年9月底""]","{""order"": [1, 0], ""anchor"": 1}",0.0000,0.0000,0.0000
164,control_ordered,E$^2$RAG (reimpl.),金正恩访问俄罗斯和宋为群辞去强生中国区主席职务哪个事件发生得更早?,0,0,"[0, 1]","[0, 1]","[""问题：金正恩计划于2024年4月的哪一半月访问俄罗斯？答案：下半月"", ""问题：宋为群将在何时辞去强生中国区主席职务？答案：2024年9月底""]","{""order"": [0, 1], ""anchor"": 0}",1.0000,1.0000,1.0000
164,control_ordered,Ours,金正恩访问俄罗斯和宋为群辞去强生中国区主席职务哪个事件发生得更早?,0,0,"[0, 1]","[0, 1]","[""问题：金正恩计划于2024年4月的哪一半月访问俄罗斯？答案：下半月"", ""问题：宋为群将在何时辞去强生中国区主席职务？答案：2024年9月底""]","{""order"": [0, 1], ""anchor"": 0}",1.0000,1.0000,1.0000
1678,control_ordered,Standard RAG,2019年朝阳区租户面临房屋拆除困扰的事件、四川省遂宁市泳池垮塌事故和教育部公布新专业哪个事件最早发生？,0,0,"[0, 1, 2]","[0, 1, 2]","[""问题：2019年5月朝阳区有哪些租户面临房屋拆除的困扰？答案：‘1905铁路文化怀旧主题产业园配套宿舍’的100多位租户"", ""问题：2022年7月16日四川省遂宁市发生了什么事故？答案：泳池垮塌事故"", ""问题：教育部在2023年4月25日公布了多少种新专业？答案：21种""]","{""order"": [0, 1, 2], ""anchor"": 0}",1.0000,1.0000,1.0000
1678,control_ordered,TemporalSort,2019年朝阳区租户面临房屋拆除困扰的事件、四川省遂宁市泳池垮塌事故和教育部公布新专业哪个事件最早发生？,0,0,"[0, 1, 2]","[0, 1, 2]","[""问题：2019年5月朝阳区有哪些租户面临房屋拆除的困扰？答案：‘1905铁路文化怀旧主题产业园配套宿舍’的100多位租户"", ""问题：2022年7月16日四川省遂宁市发生了什么事故？答案：泳池垮塌事故"", ""问题：教育部在2023年4月25日公布了多少种新专业？答案：21种""]","{""order"": [0, 1, 2], ""anchor"": 0}",1.0000,1.0000,1.0000
1678,control_ordered,E$^2$RAG (reimpl.),2019年朝阳区租户面临房屋拆除困扰的事件、四川省遂宁市泳池垮塌事故和教育部公布新专业哪个事件最早发生？,0,0,"[0, 1, 2]","[0, 1, 2]","[""问题：2019年5月朝阳区有哪些租户面临房屋拆除的困扰？答案：‘1905铁路文化怀旧主题产业园配套宿舍’的100多位租户"", ""问题：2022年7月16日四川省遂宁市发生了什么事故？答案：泳池垮塌事故"", ""问题：教育部在2023年4月25日公布了多少种新专业？答案：21种""]","{""order"": [0, 1, 2], ""anchor"": 0}",1.0000,1.0000,1.0000
1678,control_ordered,Ours,2019年朝阳区租户面临房屋拆除困扰的事件、四川省遂宁市泳池垮塌事故和教育部公布新专业哪个事件最早发生？,0,0,"[0, 1, 2]","[0, 1, 2]","[""问题：2019年5月朝阳区有哪些租户面临房屋拆除的困扰？答案：‘1905铁路文化怀旧主题产业园配套宿舍’的100多位租户"", ""问题：2022年7月16日四川省遂宁市发生了什么事故？答案：泳池垮塌事故"", ""问题：教育部在2023年4月25日公布了多少种新专业？答案：21种""]","{""order"": [0, 1, 2], ""anchor"": 0}",1.0000,1.0000,1.0000
1958,control_ordered,Standard RAG,特朗普竞选团队起诉《华盛顿邮报》、费孝通第一次访问开弦弓村和保罗•惠兰被拘留，这三个事件中哪个最早发生？,0,0,"[0, 2, 1]","[0, 1, 2]","[""费孝通第一次访问开弦弓村是什么时候？答案：1936年"", ""特朗普竞选团队在什么时候起诉《华盛顿邮报》？答案：2020年3月3日"", ""保罗•惠兰是什么时候在莫斯科被拘留的？答案：2018年12月28日""]","{""order"": [0, 1, 2], ""anchor"": 0}",0.6667,1.0000,0.0000
1958,control_ordered,TemporalSort,特朗普竞选团队起诉《华盛顿邮报》、费孝通第一次访问开弦弓村和保罗•惠兰被拘留，这三个事件中哪个最早发生？,0,0,"[0, 2, 1]","[0, 2, 1]","[""费孝通第一次访问开弦弓村是什么时候？答案：1936年"", ""特朗普竞选团队在什么时候起诉《华盛顿邮报》？答案：2020年3月3日"", ""保罗•惠兰是什么时候在莫斯科被拘留的？答案：2018年12月28日""]","{""order"": [0, 2, 1], ""anchor"": 0}",1.0000,1.0000,1.0000
1958,control_ordered,E$^2$RAG (reimpl.),特朗普竞选团队起诉《华盛顿邮报》、费孝通第一次访问开弦弓村和保罗•惠兰被拘留，这三个事件中哪个最早发生？,0,0,"[0, 2, 1]","[0, 2, 1]","[""费孝通第一次访问开弦弓村是什么时候？答案：1936年"", ""特朗普竞选团队在什么时候起诉《华盛顿邮报》？答案：2020年3月3日"", ""保罗•惠兰是什么时候在莫斯科被拘留的？答案：2018年12月28日""]","{""order"": [0, 2, 1], ""anchor"": 0}",1.0000,1.0000,1.0000
1958,control_ordered,Ours,特朗普竞选团队起诉《华盛顿邮报》、费孝通第一次访问开弦弓村和保罗•惠兰被拘留，这三个事件中哪个最早发生？,0,0,"[0, 2, 1]","[0, 2, 1]","[""费孝通第一次访问开弦弓村是什么时候？答案：1936年"", ""特朗普竞选团队在什么时候起诉《华盛顿邮报》？答案：2020年3月3日"", ""保罗•惠兰是什么时候在莫斯科被拘留的？答案：2018年12月28日""]","{""order"": [0, 2, 1], ""anchor"": 0}",1.0000,1.0000,1.0000
2206,control_ordered,Standard RAG,西部陆海新通道开始实施、习近平访问希腊、反食品浪费法草案首次提请审议，哪个事件最早发生？,0,0,"[0, 1, 2]","[0, 1, 2]","[""西部陆海新通道是哪一年开始实施的？答案：2019年"", ""习近平在2019年11月10日至14日访问哪个国家？答案：希腊"", ""反食品浪费法草案何时首次提请全国人大常委会审议？答案：2021年1月4日""]","{""order"": [0, 1, 2], ""anchor"": 0}",1.0000,1.0000,1.0000
2206,control_ordered,TemporalSort,西部陆海新通道开始实施、习近平访问希腊、反食品浪费法草案首次提请审议，哪个事件最早发生？,0,0,"[0, 1, 2]","[0, 2, 1]","[""西部陆海新通道是哪一年开始实施的？答案：2019年"", ""习近平在2019年11月10日至14日访问哪个国家？答案：希腊"", ""反食品浪费法草案何时首次提请全国人大常委会审议？答案：2021年1月4日""]","{""order"": [0, 2, 1], ""anchor"": 0}",0.6667,1.0000,0.0000
2206,control_ordered,E$^2$RAG (reimpl.),西部陆海新通道开始实施、习近平访问希腊、反食品浪费法草案首次提请审议，哪个事件最早发生？,0,0,"[0, 1, 2]","[0, 1, 2]","[""西部陆海新通道是哪一年开始实施的？答案：2019年"", ""习近平在2019年11月10日至14日访问哪个国家？答案：希腊"", ""反食品浪费法草案何时首次提请全国人大常委会审议？答案：2021年1月4日""]","{""order"": [0, 1, 2], ""anchor"": 0}",1.0000,1.0000,1.0000
2206,control_ordered,Ours,西部陆海新通道开始实施、习近平访问希腊、反食品浪费法草案首次提请审议，哪个事件最早发生？,0,0,"[0, 1, 2]","[0, 1, 2]","[""西部陆海新通道是哪一年开始实施的？答案：2019年"", ""习近平在2019年11月10日至14日访问哪个国家？答案：希腊"", ""反食品浪费法草案何时首次提请全国人大常委会审议？答案：2021年1月4日""]","{""order"": [0, 1, 2], ""anchor"": 0}",1.0000,1.0000,1.0000
2284,control_ordered,Standard RAG,幻方量化停职徐进、以色列与哈马斯临时停火协议到期、阿根廷总统计划关闭央行，哪个事件最迟发生？,0,0,"[0, 1, 2]","[0, 1, 2]","[""幻方量化在2023年10月26日做出了什么决定？答案：对徐进停职"", ""2023年12月1日以色列与哈马斯之间发生了什么重要事件？答案：临时停火协议到期"", ""阿根廷总统米莱在什么日期表示计划关闭央行？答案：2024年1月11日""]","{""order"": [0, 1, 2], ""anchor"": 0}",1.0000,1.0000,1.0000
2284,control_ordered,TemporalSort,幻方量化停职徐进、以色列与哈马斯临时停火协议到期、阿根廷总统计划关闭央行，哪个事件最迟发生？,0,2,"[0, 1, 2]","[2, 0, 1]","[""幻方量化在2023年10月26日做出了什么决定？答案：对徐进停职"", ""2023年12月1日以色列与哈马斯之间发生了什么重要事件？答案：临时停火协议到期"", ""阿根廷总统米莱在什么日期表示计划关闭央行？答案：2024年1月11日""]","{""order"": [2, 0, 1], ""anchor"": 2}",0.3333,0.0000,0.0000
2284,control_ordered,E$^2$RAG (reimpl.),幻方量化停职徐进、以色列与哈马斯临时停火协议到期、阿根廷总统计划关闭央行，哪个事件最迟发生？,0,0,"[0, 1, 2]","[0, 1, 2]","[""幻方量化在2023年10月26日做出了什么决定？答案：对徐进停职"", ""2023年12月1日以色列与哈马斯之间发生了什么重要事件？答案：临时停火协议到期"", ""阿根廷总统米莱在什么日期表示计划关闭央行？答案：2024年1月11日""]","{""order"": [0, 1, 2], ""anchor"": 0}",1.0000,1.0000,1.0000
2284,control_ordered,Ours,幻方量化停职徐进、以色列与哈马斯临时停火协议到期、阿根廷总统计划关闭央行，哪个事件最迟发生？,0,0,"[0, 1, 2]","[0, 1, 2]","[""幻方量化在2023年10月26日做出了什么决定？答案：对徐进停职"", ""2023年12月1日以色列与哈马斯之间发生了什么重要事件？答案：临时停火协议到期"", ""阿根廷总统米莱在什么日期表示计划关闭央行？答案：2024年1月11日""]","{""order"": [0, 1, 2], ""anchor"": 0}",1.0000,1.0000,1.0000
2335,control_ordered,Standard RAG,2024年武汉地铁推出的龙专列服务和彩电市场一季度销量数据，哪个事件发生在前？,0,0,"[0, 1]","[0, 1]","[""问题：2024年彩电市场一季度的销量变化是什么？答案：销量同比下降5.3%"", ""问题：2024年2月15日武汉地铁推出了什么新服务？答案：全国首条“龙专列”""]","{""order"": [0, 1], ""anchor"": 0}",1.0000,1.0000,1.0000
2335,control_ordered,TemporalSort,2024年武汉地铁推出的龙专列服务和彩电市场一季度销量数据，哪个事件发生在前？,0,0,"[0, 1]","[0, 1]","[""问题：2024年彩电市场一季度的销量变化是什么？答案：销量同比下降5.3%"", ""问题：2024年2月15日武汉地铁推出了什么新服务？答案：全国首条“龙专列”""]","{""order"": [0, 1], ""anchor"": 0}",1.0000,1.0000,1.0000
2335,control_ordered,E$^2$RAG (reimpl.),2024年武汉地铁推出的龙专列服务和彩电市场一季度销量数据，哪个事件发生在前？,0,0,"[0, 1]","[0, 1]","[""问题：2024年彩电市场一季度的销量变化是什么？答案：销量同比下降5.3%"", ""问题：2024年2月15日武汉地铁推出了什么新服务？答案：全国首条“龙专列”""]","{""order"": [0, 1], ""anchor"": 0}",1.0000,1.0000,1.0000
2335,control_ordered,Ours,2024年武汉地铁推出的龙专列服务和彩电市场一季度销量数据，哪个事件发生在前？,0,0,"[0, 1]","[0, 1]","[""问题：2024年彩电市场一季度的销量变化是什么？答案：销量同比下降5.3%"", ""问题：2024年2月15日武汉地铁推出了什么新服务？答案：全国首条“龙专列”""]","{""order"": [0, 1], ""anchor"": 0}",1.0000,1.0000,1.0000
2551,control_ordered,Standard RAG,2023年10月26日国家安全部驳斥有关《反间谍法》的误读和2024年3月19日沪深市场表现哪个事件发生得更早？,0,0,"[0, 1]","[0, 1]","[""2023年10月26日，国家安全部驳斥了有关什么法的误读？答案：《反间谍法》"", ""2024年3月19日沪深市场的表现如何？答案：创业板指低开低走，跌幅超过1%""]","{""order"": [0, 1], ""anchor"": 0}",1.0000,1.0000,1.0000
2551,control_ordered,TemporalSort,2023年10月26日国家安全部驳斥有关《反间谍法》的误读和2024年3月19日沪深市场表现哪个事件发生得更早？,0,0,"[0, 1]","[0, 1]","[""2023年10月26日，国家安全部驳斥了有关什么法的误读？答案：《反间谍法》"", ""2024年3月19日沪深市场的表现如何？答案：创业板指低开低走，跌幅超过1%""]","{""order"": [0, 1], ""anchor"": 0}",1.0000,1.0000,1.0000
2551,control_ordered,E$^2$RAG (reimpl.),2023年10月26日国家安全部驳斥有关《反间谍法》的误读和2024年3月19日沪深市场表现哪个事件发生得更早？,0,0,"[0, 1]","[0, 1]","[""2023年10月26日，国家安全部驳斥了有关什么法的误读？答案：《反间谍法》"", ""2024年3月19日沪深市场的表现如何？答案：创业板指低开低走，跌幅超过1%""]","{""order"": [0, 1], ""anchor"": 0}",1.0000,1.0000,1.0000
2551,control_ordered,Ours,2023年10月26日国家安全部驳斥有关《反间谍法》的误读和2024年3月19日沪深市场表现哪个事件发生得更早？,0,0,"[0, 1]","[0, 1]","[""2023年10月26日，国家安全部驳斥了有关什么法的误读？答案：《反间谍法》"", ""2024年3月19日沪深市场的表现如何？答案：创业板指低开低走，跌幅超过1%""]","{""order"": [0, 1], ""anchor"": 0}",1.0000,1.0000,1.0000
2571,control_ordered,Standard RAG,在2019中央政治局经济工作专项会议、2020中俄两国驻美大使联合署名文章、2021美国冻结阿富汗央行资产中，哪个事件最早发生?,0,0,"[0, 1, 2]","[0, 1, 2]","[""2019年7月31日中央政治局召开了什么会议？答案：经济工作专项会议"", ""2020年9月2日中俄两国驻美大使发表了什么文章？答案：纪念中国人民抗日战争暨世界反法西斯战争胜利75周年的联合署名文章"", ""美国冻结阿富汗央行资产是从何时开始的？答案：2021年""]","{""order"": [0, 1, 2], ""anchor"": 0}",1.0000,1.0000,1.0000
2571,control_ordered,TemporalSort,在2019中央政治局经济工作专项会议、2020中俄两国驻美大使联合署名文章、2021美国冻结阿富汗央行资产中，哪个事件最早发生?,0,2,"[0, 1, 2]","[2, 0, 1]","[""2019年7月31日中央政治局召开了什么会议？答案：经济工作专项会议"", ""2020年9月2日中俄两国驻美大使发表了什么文章？答案：纪念中国人民抗日战争暨世界反法西斯战争胜利75周年的联合署名文章"", ""美国冻结阿富汗央行资产是从何时开始的？答案：2021年""]","{""order"": [2, 0, 1], ""anchor"": 2}",0.3333,0.0000,0.0000
2571,control_ordered,E$^2$RAG (reimpl.),在2019中央政治局经济工作专项会议、2020中俄两国驻美大使联合署名文章、2021美国冻结阿富汗央行资产中，哪个事件最早发生?,0,0,"[0, 1, 2]","[0, 1, 2]","[""2019年7月31日中央政治局召开了什么会议？答案：经济工作专项会议"", ""2020年9月2日中俄两国驻美大使发表了什么文章？答案：纪念中国人民抗日战争暨世界反法西斯战争胜利75周年的联合署名文章"", ""美国冻结阿富汗央行资产是从何时开始的？答案：2021年""]","{""order"": [0, 1, 2], ""anchor"": 0}",1.0000,1.0000,1.0000
2571,control_ordered,Ours,在2019中央政治局经济工作专项会议、2020中俄两国驻美大使联合署名文章、2021美国冻结阿富汗央行资产中，哪个事件最早发生?,0,0,"[0, 1, 2]","[0, 1, 2]","[""2019年7月31日中央政治局召开了什么会议？答案：经济工作专项会议"", ""2020年9月2日中俄两国驻美大使发表了什么文章？答案：纪念中国人民抗日战争暨世界反法西斯战争胜利75周年的联合署名文章"", ""美国冻结阿富汗央行资产是从何时开始的？答案：2021年""]","{""order"": [0, 1, 2], ""anchor"": 0}",1.0000,1.0000,1.0000
2992,control_ordered,Standard RAG,马特-多尔蒂重返狼队的体检和三星发布Galaxy新产品，哪一个事件发生更早？,0,0,"[0, 1]","[0, 1]","[""马特-多尔蒂在什么时候完成体检以重返狼队？答案：2023年7月19日"", ""三星在2023年7月27日发布了哪些产品？答案：Galaxy Z Flip 5、Galaxy Z Fold 5、Galaxy Tab S9、Galaxy Watch 6系列""]","{""order"": [0, 1], ""anchor"": 0}",1.0000,1.0000,1.0000
2992,control_ordered,TemporalSort,马特-多尔蒂重返狼队的体检和三星发布Galaxy新产品，哪一个事件发生更早？,0,0,"[0, 1]","[0, 1]","[""马特-多尔蒂在什么时候完成体检以重返狼队？答案：2023年7月19日"", ""三星在2023年7月27日发布了哪些产品？答案：Galaxy Z Flip 5、Galaxy Z Fold 5、Galaxy Tab S9、Galaxy Watch 6系列""]","{""order"": [0, 1], ""anchor"": 0}",1.0000,1.0000,1.0000
2992,control_ordered,E$^2$RAG (reimpl.),马特-多尔蒂重返狼队的体检和三星发布Galaxy新产品，哪一个事件发生更早？,0,0,"[0, 1]","[0, 1]","[""马特-多尔蒂在什么时候完成体检以重返狼队？答案：2023年7月19日"", ""三星在2023年7月27日发布了哪些产品？答案：Galaxy Z Flip 5、Galaxy Z Fold 5、Galaxy Tab S9、Galaxy Watch 6系列""]","{""order"": [0, 1], ""anchor"": 0}",1.0000,1.0000,1.0000
2992,control_ordered,Ours,马特-多尔蒂重返狼队的体检和三星发布Galaxy新产品，哪一个事件发生更早？,0,0,"[0, 1]","[0, 1]","[""马特-多尔蒂在什么时候完成体检以重返狼队？答案：2023年7月19日"", ""三星在2023年7月27日发布了哪些产品？答案：Galaxy Z Flip 5、Galaxy Z Fold 5、Galaxy Tab S9、Galaxy Watch 6系列""]","{""order"": [0, 1], ""anchor"": 0}",1.0000,1.0000,1.0000
3022,control_ordered,Standard RAG,截至2023年和2024年中间，下面哪些事件最早发生：习近平总书记回信、星际客机载人试飞、上海人工智能大会？,0,0,"[0, 2, 1]","[0, 1, 2]","[""2023年7月6日在哪个城市举行了世界人工智能大会？答案：上海"", ""2024年6月11日习近平总书记在何时给姚期智回信？答案：2024年6月11日"", ""2024年“星际客机”的载人试飞原定于哪天进行？答案：2024年5月6日""]","{""order"": [0, 1, 2], ""anchor"": 0}",0.6667,1.0000,0.0000
3022,control_ordered,TemporalSort,截至2023年和2024年中间，下面哪些事件最早发生：习近平总书记回信、星际客机载人试飞、上海人工智能大会？,0,2,"[0, 2, 1]","[2, 1, 0]","[""2023年7月6日在哪个城市举行了世界人工智能大会？答案：上海"", ""2024年6月11日习近平总书记在何时给姚期智回信？答案：2024年6月11日"", ""2024年“星际客机”的载人试飞原定于哪天进行？答案：2024年5月6日""]","{""order"": [2, 1, 0], ""anchor"": 2}",0.3333,0.0000,0.0000
3022,control_ordered,E$^2$RAG (reimpl.),截至2023年和2024年中间，下面哪些事件最早发生：习近平总书记回信、星际客机载人试飞、上海人工智能大会？,0,0,"[0, 2, 1]","[0, 2, 1]","[""2023年7月6日在哪个城市举行了世界人工智能大会？答案：上海"", ""2024年6月11日习近平总书记在何时给姚期智回信？答案：2024年6月11日"", ""2024年“星际客机”的载人试飞原定于哪天进行？答案：2024年5月6日""]","{""order"": [0, 2, 1], ""anchor"": 0}",1.0000,1.0000,1.0000
3022,control_ordered,Ours,截至2023年和2024年中间，下面哪些事件最早发生：习近平总书记回信、星际客机载人试飞、上海人工智能大会？,0,0,"[0, 2, 1]","[0, 2, 1]","[""2023年7月6日在哪个城市举行了世界人工智能大会？答案：上海"", ""2024年6月11日习近平总书记在何时给姚期智回信？答案：2024年6月11日"", ""2024年“星际客机”的载人试飞原定于哪天进行？答案：2024年5月6日""]","{""order"": [0, 2, 1], ""anchor"": 0}",1.0000,1.0000,1.0000
110,three_ref_hard,Standard RAG,以下哪项政策发布于最早的时间？1、财政部发布《关于加强数据资产管理的指导意见》。2、拜登在2022年5月25日签署警察改革行政令。3、2024年1月3日美国海军与菲律宾联合演习。,2,0,"[2, 1, 0]","[0, 1, 2]","[""问题：2024年1月12日四大证券报先后报道了哪些政策？答案：《中共中央国务院关于全面推进美丽中国建设的意见》,财政部发布《关于加强数据资产管理的指导意见》,资本活水支持科技自立自强政策"", ""问题：2024年1月3日美国海军与哪个国家举行联合演习？答案：菲律宾"", ""问题：拜登总统在2022年5月25日签署了什么行政令？答案：警察改革行政令""]","{""order"": [0, 1, 2], ""anchor"": 0}",0.0000,0.0000,0.0000
110,three_ref_hard,TemporalSort,以下哪项政策发布于最早的时间？1、财政部发布《关于加强数据资产管理的指导意见》。2、拜登在2022年5月25日签署警察改革行政令。3、2024年1月3日美国海军与菲律宾联合演习。,2,0,"[2, 1, 0]","[0, 1, 2]","[""问题：2024年1月12日四大证券报先后报道了哪些政策？答案：《中共中央国务院关于全面推进美丽中国建设的意见》,财政部发布《关于加强数据资产管理的指导意见》,资本活水支持科技自立自强政策"", ""问题：2024年1月3日美国海军与哪个国家举行联合演习？答案：菲律宾"", ""问题：拜登总统在2022年5月25日签署了什么行政令？答案：警察改革行政令""]","{""order"": [0, 1, 2], ""anchor"": 0}",0.0000,0.0000,0.0000
110,three_ref_hard,E$^2$RAG (reimpl.),以下哪项政策发布于最早的时间？1、财政部发布《关于加强数据资产管理的指导意见》。2、拜登在2022年5月25日签署警察改革行政令。3、2024年1月3日美国海军与菲律宾联合演习。,2,2,"[2, 1, 0]","[2, 1, 0]","[""问题：2024年1月12日四大证券报先后报道了哪些政策？答案：《中共中央国务院关于全面推进美丽中国建设的意见》,财政部发布《关于加强数据资产管理的指导意见》,资本活水支持科技自立自强政策"", ""问题：2024年1月3日美国海军与哪个国家举行联合演习？答案：菲律宾"", ""问题：拜登总统在2022年5月25日签署了什么行政令？答案：警察改革行政令""]","{""order"": [2, 1, 0], ""anchor"": 2}",1.0000,1.0000,1.0000
110,three_ref_hard,Ours,以下哪项政策发布于最早的时间？1、财政部发布《关于加强数据资产管理的指导意见》。2、拜登在2022年5月25日签署警察改革行政令。3、2024年1月3日美国海军与菲律宾联合演习。,2,2,"[2, 1, 0]","[2, 1, 0]","[""问题：2024年1月12日四大证券报先后报道了哪些政策？答案：《中共中央国务院关于全面推进美丽中国建设的意见》,财政部发布《关于加强数据资产管理的指导意见》,资本活水支持科技自立自强政策"", ""问题：2024年1月3日美国海军与哪个国家举行联合演习？答案：菲律宾"", ""问题：拜登总统在2022年5月25日签署了什么行政令？答案：警察改革行政令""]","{""order"": [2, 1, 0], ""anchor"": 2}",1.0000,1.0000,1.0000
207,three_ref_hard,Standard RAG,金州勇士队打破NBA历史纪录，苹果公司发布便携式游戏机开发消息，以及冯鑫因涉嫌行贿被拘留，这三个事件中哪个最早发生？,2,0,"[2, 1, 0]","[0, 1, 2]","[""问题：金州勇士队在什么时候打破了NBA历史纪录？答案：2022年11月21日"", ""问题：苹果公司于2021年5月10日发布了什么游戏机的开发消息？答案：类似任天堂Switch的便携式游戏机"", ""问题：冯鑫在什么时间因涉嫌行贿被拘留？答案：2019年7月31日""]","{""order"": [0, 1, 2], ""anchor"": 0}",0.0000,0.0000,0.0000
207,three_ref_hard,TemporalSort,金州勇士队打破NBA历史纪录，苹果公司发布便携式游戏机开发消息，以及冯鑫因涉嫌行贿被拘留，这三个事件中哪个最早发生？,2,2,"[2, 1, 0]","[2, 0, 1]","[""问题：金州勇士队在什么时候打破了NBA历史纪录？答案：2022年11月21日"", ""问题：苹果公司于2021年5月10日发布了什么游戏机的开发消息？答案：类似任天堂Switch的便携式游戏机"", ""问题：冯鑫在什么时间因涉嫌行贿被拘留？答案：2019年7月31日""]","{""order"": [2, 0, 1], ""anchor"": 2}",0.6667,1.0000,0.0000
207,three_ref_hard,E$^2$RAG (reimpl.),金州勇士队打破NBA历史纪录，苹果公司发布便携式游戏机开发消息，以及冯鑫因涉嫌行贿被拘留，这三个事件中哪个最早发生？,2,2,"[2, 1, 0]","[2, 1, 0]","[""问题：金州勇士队在什么时候打破了NBA历史纪录？答案：2022年11月21日"", ""问题：苹果公司于2021年5月10日发布了什么游戏机的开发消息？答案：类似任天堂Switch的便携式游戏机"", ""问题：冯鑫在什么时间因涉嫌行贿被拘留？答案：2019年7月31日""]","{""order"": [2, 1, 0], ""anchor"": 2}",1.0000,1.0000,1.0000
207,three_ref_hard,Ours,金州勇士队打破NBA历史纪录，苹果公司发布便携式游戏机开发消息，以及冯鑫因涉嫌行贿被拘留，这三个事件中哪个最早发生？,2,2,"[2, 1, 0]","[2, 1, 0]","[""问题：金州勇士队在什么时候打破了NBA历史纪录？答案：2022年11月21日"", ""问题：苹果公司于2021年5月10日发布了什么游戏机的开发消息？答案：类似任天堂Switch的便携式游戏机"", ""问题：冯鑫在什么时间因涉嫌行贿被拘留？答案：2019年7月31日""]","{""order"": [2, 1, 0], ""anchor"": 2}",1.0000,1.0000,1.0000
244,three_ref_hard,Standard RAG,中俄两国领导人会谈并出席冬季奥运会开幕式、Hayley Hughes展现少女心、赵立坚驳斥蓬佩奥关于香港国安法的声明，这三个事件中哪个最早发生？,2,0,"[2, 1, 0]","[0, 1, 2]","[""中俄两国领导人在哪一天举行了会谈并出席冬季奥运会开幕式？答案：2022年2月4日"", ""Hayley Hughes在什么日期展现了她的少女心？答案：2021年1月25日"", ""赵立坚是在什么时候驳斥蓬佩奥关于香港国安法的声明的？答案：2020年7月2日""]","{""order"": [0, 1, 2], ""anchor"": 0}",0.0000,0.0000,0.0000
244,three_ref_hard,TemporalSort,中俄两国领导人会谈并出席冬季奥运会开幕式、Hayley Hughes展现少女心、赵立坚驳斥蓬佩奥关于香港国安法的声明，这三个事件中哪个最早发生？,2,2,"[2, 1, 0]","[2, 1, 0]","[""中俄两国领导人在哪一天举行了会谈并出席冬季奥运会开幕式？答案：2022年2月4日"", ""Hayley Hughes在什么日期展现了她的少女心？答案：2021年1月25日"", ""赵立坚是在什么时候驳斥蓬佩奥关于香港国安法的声明的？答案：2020年7月2日""]","{""order"": [2, 1, 0], ""anchor"": 2}",1.0000,1.0000,1.0000
244,three_ref_hard,E$^2$RAG (reimpl.),中俄两国领导人会谈并出席冬季奥运会开幕式、Hayley Hughes展现少女心、赵立坚驳斥蓬佩奥关于香港国安法的声明，这三个事件中哪个最早发生？,2,2,"[2, 1, 0]","[2, 1, 0]","[""中俄两国领导人在哪一天举行了会谈并出席冬季奥运会开幕式？答案：2022年2月4日"", ""Hayley Hughes在什么日期展现了她的少女心？答案：2021年1月25日"", ""赵立坚是在什么时候驳斥蓬佩奥关于香港国安法的声明的？答案：2020年7月2日""]","{""order"": [2, 1, 0], ""anchor"": 2}",1.0000,1.0000,1.0000
244,three_ref_hard,Ours,中俄两国领导人会谈并出席冬季奥运会开幕式、Hayley Hughes展现少女心、赵立坚驳斥蓬佩奥关于香港国安法的声明，这三个事件中哪个最早发生？,2,2,"[2, 1, 0]","[2, 1, 0]","[""中俄两国领导人在哪一天举行了会谈并出席冬季奥运会开幕式？答案：2022年2月4日"", ""Hayley Hughes在什么日期展现了她的少女心？答案：2021年1月25日"", ""赵立坚是在什么时候驳斥蓬佩奥关于香港国安法的声明的？答案：2020年7月2日""]","{""order"": [2, 1, 0], ""anchor"": 2}",1.0000,1.0000,1.0000
722,three_ref_hard,Standard RAG,2024年发生的事件中，宝马宣布停止价格战、王旺盛被任命为呼伦贝尔市委书记、理想汽车全线产品降价，哪个事件最早发生？,2,0,"[2, 1, 0]","[0, 1, 2]","[""宝马、奔驰、奥迪等品牌在什么时候宣布停止价格战？答案：2024年8月11日"", ""王旺盛在什么日期被任命为呼伦贝尔市委书记？答案：2024年8月3日"", ""理想汽车在2024年4月22日进行的是什么重要宣布？答案：全线产品降价""]","{""order"": [0, 1, 2], ""anchor"": 0}",0.0000,0.0000,0.0000
722,three_ref_hard,TemporalSort,2024年发生的事件中，宝马宣布停止价格战、王旺盛被任命为呼伦贝尔市委书记、理想汽车全线产品降价，哪个事件最早发生？,2,1,"[2, 1, 0]","[1, 0, 2]","[""宝马、奔驰、奥迪等品牌在什么时候宣布停止价格战？答案：2024年8月11日"", ""王旺盛在什么日期被任命为呼伦贝尔市委书记？答案：2024年8月3日"", ""理想汽车在2024年4月22日进行的是什么重要宣布？答案：全线产品降价""]","{""order"": [1, 0, 2], ""anchor"": 1}",0.3333,0.0000,0.0000
722,three_ref_hard,E$^2$RAG (reimpl.),2024年发生的事件中，宝马宣布停止价格战、王旺盛被任命为呼伦贝尔市委书记、理想汽车全线产品降价，哪个事件最早发生？,2,2,"[2, 1, 0]","[2, 1, 0]","[""宝马、奔驰、奥迪等品牌在什么时候宣布停止价格战？答案：2024年8月11日"", ""王旺盛在什么日期被任命为呼伦贝尔市委书记？答案：2024年8月3日"", ""理想汽车在2024年4月22日进行的是什么重要宣布？答案：全线产品降价""]","{""order"": [2, 1, 0], ""anchor"": 2}",1.0000,1.0000,1.0000
722,three_ref_hard,Ours,2024年发生的事件中，宝马宣布停止价格战、王旺盛被任命为呼伦贝尔市委书记、理想汽车全线产品降价，哪个事件最早发生？,2,2,"[2, 1, 0]","[2, 1, 0]","[""宝马、奔驰、奥迪等品牌在什么时候宣布停止价格战？答案：2024年8月11日"", ""王旺盛在什么日期被任命为呼伦贝尔市委书记？答案：2024年8月3日"", ""理想汽车在2024年4月22日进行的是什么重要宣布？答案：全线产品降价""]","{""order"": [2, 1, 0], ""anchor"": 2}",1.0000,1.0000,1.0000
961,three_ref_hard,Standard RAG,四川省新时代学生心理健康工作方案、针对网络暴力的指导意见和延长非必要旅行限制，这些政策中哪个最早发布？,2,0,"[2, 1, 0]","[0, 1, 2]","[""问题：2024年2月27日四川省发布了什么方案？答案：四川省全面加强和改进新时代学生心理健康工作实施方案"", ""问题：2023年11月3日中国发布了什么有关网络暴力的指导意见？答案：《关于依法惩治网络暴力违法犯罪的指导意见》"", ""问题：西班牙政府于2020年5月15日做了什么决定？答案：延长非必要旅行限制至6月15日""]","{""order"": [0, 1, 2], ""anchor"": 0}",0.0000,0.0000,0.0000
961,three_ref_hard,TemporalSort,四川省新时代学生心理健康工作方案、针对网络暴力的指导意见和延长非必要旅行限制，这些政策中哪个最早发布？,2,0,"[2, 1, 0]","[0, 1, 2]","[""问题：2024年2月27日四川省发布了什么方案？答案：四川省全面加强和改进新时代学生心理健康工作实施方案"", ""问题：2023年11月3日中国发布了什么有关网络暴力的指导意见？答案：《关于依法惩治网络暴力违法犯罪的指导意见》"", ""问题：西班牙政府于2020年5月15日做了什么决定？答案：延长非必要旅行限制至6月15日""]","{""order"": [0, 1, 2], ""anchor"": 0}",0.0000,0.0000,0.0000
961,three_ref_hard,E$^2$RAG (reimpl.),四川省新时代学生心理健康工作方案、针对网络暴力的指导意见和延长非必要旅行限制，这些政策中哪个最早发布？,2,2,"[2, 1, 0]","[2, 1, 0]","[""问题：2024年2月27日四川省发布了什么方案？答案：四川省全面加强和改进新时代学生心理健康工作实施方案"", ""问题：2023年11月3日中国发布了什么有关网络暴力的指导意见？答案：《关于依法惩治网络暴力违法犯罪的指导意见》"", ""问题：西班牙政府于2020年5月15日做了什么决定？答案：延长非必要旅行限制至6月15日""]","{""order"": [2, 1, 0], ""anchor"": 2}",1.0000,1.0000,1.0000
961,three_ref_hard,Ours,四川省新时代学生心理健康工作方案、针对网络暴力的指导意见和延长非必要旅行限制，这些政策中哪个最早发布？,2,2,"[2, 1, 0]","[2, 1, 0]","[""问题：2024年2月27日四川省发布了什么方案？答案：四川省全面加强和改进新时代学生心理健康工作实施方案"", ""问题：2023年11月3日中国发布了什么有关网络暴力的指导意见？答案：《关于依法惩治网络暴力违法犯罪的指导意见》"", ""问题：西班牙政府于2020年5月15日做了什么决定？答案：延长非必要旅行限制至6月15日""]","{""order"": [2, 1, 0], ""anchor"": 2}",1.0000,1.0000,1.0000
1121,three_ref_hard,Standard RAG,美方反补贴措施违反世贸规则裁决、香港针对立法会冲击事件发表抗议集会、乐高的Apollo 11 Lunar Lander积木套件上市，哪个事件最早发生？,2,0,"[2, 1, 0]","[0, 1, 2]","[""问题：2019年7月16日世界贸易组织对美国反补贴措施作出了什么裁决？答案：美方涉案11起反补贴措施违反世贸规则"", ""问题：香港民众在2019年7月3日为何集会？答案：谴责极端激进分子冲击立法会的暴力行径"", ""问题：乐高的NASA Apollo 11 Lunar Lander积木套件是什么时候开始销售的？答案：2019年6月1日""]","{""order"": [0, 1, 2], ""anchor"": 0}",0.0000,0.0000,0.0000
1121,three_ref_hard,TemporalSort,美方反补贴措施违反世贸规则裁决、香港针对立法会冲击事件发表抗议集会、乐高的Apollo 11 Lunar Lander积木套件上市，哪个事件最早发生？,2,2,"[2, 1, 0]","[2, 0, 1]","[""问题：2019年7月16日世界贸易组织对美国反补贴措施作出了什么裁决？答案：美方涉案11起反补贴措施违反世贸规则"", ""问题：香港民众在2019年7月3日为何集会？答案：谴责极端激进分子冲击立法会的暴力行径"", ""问题：乐高的NASA Apollo 11 Lunar Lander积木套件是什么时候开始销售的？答案：2019年6月1日""]","{""order"": [2, 0, 1], ""anchor"": 2}",0.6667,1.0000,0.0000
1121,three_ref_hard,E$^2$RAG (reimpl.),美方反补贴措施违反世贸规则裁决、香港针对立法会冲击事件发表抗议集会、乐高的Apollo 11 Lunar Lander积木套件上市，哪个事件最早发生？,2,2,"[2, 1, 0]","[2, 1, 0]","[""问题：2019年7月16日世界贸易组织对美国反补贴措施作出了什么裁决？答案：美方涉案11起反补贴措施违反世贸规则"", ""问题：香港民众在2019年7月3日为何集会？答案：谴责极端激进分子冲击立法会的暴力行径"", ""问题：乐高的NASA Apollo 11 Lunar Lander积木套件是什么时候开始销售的？答案：2019年6月1日""]","{""order"": [2, 1, 0], ""anchor"": 2}",1.0000,1.0000,1.0000
1121,three_ref_hard,Ours,美方反补贴措施违反世贸规则裁决、香港针对立法会冲击事件发表抗议集会、乐高的Apollo 11 Lunar Lander积木套件上市，哪个事件最早发生？,2,2,"[2, 1, 0]","[2, 1, 0]","[""问题：2019年7月16日世界贸易组织对美国反补贴措施作出了什么裁决？答案：美方涉案11起反补贴措施违反世贸规则"", ""问题：香港民众在2019年7月3日为何集会？答案：谴责极端激进分子冲击立法会的暴力行径"", ""问题：乐高的NASA Apollo 11 Lunar Lander积木套件是什么时候开始销售的？答案：2019年6月1日""]","{""order"": [2, 1, 0], ""anchor"": 2}",1.0000,1.0000,1.0000
1128,three_ref_hard,Standard RAG,阳光城债务违约宣布、崔军被通缉、支付宝集五福开奖，哪一个事件最早发生？,2,0,"[2, 1, 0]","[0, 1, 2]","[""阳光城在何时宣布债务违约？答案：2022年3月18日"", ""崔军在何时被全国通缉？答案：2019年4月23日"", ""支付宝集五福活动是在哪一天开奖的？答案：2019年2月4日""]","{""order"": [0, 1, 2], ""anchor"": 0}",0.0000,0.0000,0.0000
1128,three_ref_hard,TemporalSort,阳光城债务违约宣布、崔军被通缉、支付宝集五福开奖，哪一个事件最早发生？,2,2,"[2, 1, 0]","[2, 1, 0]","[""阳光城在何时宣布债务违约？答案：2022年3月18日"", ""崔军在何时被全国通缉？答案：2019年4月23日"", ""支付宝集五福活动是在哪一天开奖的？答案：2019年2月4日""]","{""order"": [2, 1, 0], ""anchor"": 2}",1.0000,1.0000,1.0000
1128,three_ref_hard,E$^2$RAG (reimpl.),阳光城债务违约宣布、崔军被通缉、支付宝集五福开奖，哪一个事件最早发生？,2,2,"[2, 1, 0]","[2, 1, 0]","[""阳光城在何时宣布债务违约？答案：2022年3月18日"", ""崔军在何时被全国通缉？答案：2019年4月23日"", ""支付宝集五福活动是在哪一天开奖的？答案：2019年2月4日""]","{""order"": [2, 1, 0], ""anchor"": 2}",1.0000,1.0000,1.0000
1128,three_ref_hard,Ours,阳光城债务违约宣布、崔军被通缉、支付宝集五福开奖，哪一个事件最早发生？,2,2,"[2, 1, 0]","[2, 1, 0]","[""阳光城在何时宣布债务违约？答案：2022年3月18日"", ""崔军在何时被全国通缉？答案：2019年4月23日"", ""支付宝集五福活动是在哪一天开奖的？答案：2019年2月4日""]","{""order"": [2, 1, 0], ""anchor"": 2}",1.0000,1.0000,1.0000
1178,three_ref_hard,Standard RAG,唐双宁、许振昌和张宝祥的调查中，谁的调查时间最早？,2,0,"[2, 1, 0]","[0, 1, 2]","[""唐双宁因为什么原因在2023年7月15日被查？答案：涉嫌严重违纪违法"", ""许振昌在什么时候因涉嫌违纪违法接受调查？答案：2022年6月23日"", ""张宝祥在什么时候因涉嫌严重违纪违法接受调查？答案：2019年11月18日""]","{""order"": [0, 1, 2], ""anchor"": 0}",0.0000,0.0000,0.0000
1178,three_ref_hard,TemporalSort,唐双宁、许振昌和张宝祥的调查中，谁的调查时间最早？,2,2,"[2, 1, 0]","[2, 1, 0]","[""唐双宁因为什么原因在2023年7月15日被查？答案：涉嫌严重违纪违法"", ""许振昌在什么时候因涉嫌违纪违法接受调查？答案：2022年6月23日"", ""张宝祥在什么时候因涉嫌严重违纪违法接受调查？答案：2019年11月18日""]","{""order"": [2, 1, 0], ""anchor"": 2}",1.0000,1.0000,1.0000
1178,three_ref_hard,E$^2$RAG (reimpl.),唐双宁、许振昌和张宝祥的调查中，谁的调查时间最早？,2,2,"[2, 1, 0]","[2, 1, 0]","[""唐双宁因为什么原因在2023年7月15日被查？答案：涉嫌严重违纪违法"", ""许振昌在什么时候因涉嫌违纪违法接受调查？答案：2022年6月23日"", ""张宝祥在什么时候因涉嫌严重违纪违法接受调查？答案：2019年11月18日""]","{""order"": [2, 1, 0], ""anchor"": 2}",1.0000,1.0000,1.0000
1178,three_ref_hard,Ours,唐双宁、许振昌和张宝祥的调查中，谁的调查时间最早？,2,2,"[2, 1, 0]","[2, 1, 0]","[""唐双宁因为什么原因在2023年7月15日被查？答案：涉嫌严重违纪违法"", ""许振昌在什么时候因涉嫌违纪违法接受调查？答案：2022年6月23日"", ""张宝祥在什么时候因涉嫌严重违纪违法接受调查？答案：2019年11月18日""]","{""order"": [2, 1, 0], ""anchor"": 2}",1.0000,1.0000,1.0000
1409,three_ref_hard,Standard RAG,2019年颜宁成为美国国家科学院院士、韩国瑜支持率调查、奥罗拉市枪击案，哪一个事件最早发生？,2,0,"[2, 1, 0]","[0, 1, 2]","[""问题：颜宁在什么日期被美国国家科学院公布为新入选院士？答案：2019年4月30日"", ""问题：2019年3月11日韩国瑜在民调中支持率是多少？答案：54.9%"", ""问题：2019年2月15日哪里发生了枪击案？答案：美国伊利诺伊州奥罗拉市""]","{""order"": [0, 1, 2], ""anchor"": 0}",0.0000,0.0000,0.0000
1409,three_ref_hard,TemporalSort,2019年颜宁成为美国国家科学院院士、韩国瑜支持率调查、奥罗拉市枪击案，哪一个事件最早发生？,2,0,"[2, 1, 0]","[0, 1, 2]","[""问题：颜宁在什么日期被美国国家科学院公布为新入选院士？答案：2019年4月30日"", ""问题：2019年3月11日韩国瑜在民调中支持率是多少？答案：54.9%"", ""问题：2019年2月15日哪里发生了枪击案？答案：美国伊利诺伊州奥罗拉市""]","{""order"": [0, 1, 2], ""anchor"": 0}",0.0000,0.0000,0.0000
1409,three_ref_hard,E$^2$RAG (reimpl.),2019年颜宁成为美国国家科学院院士、韩国瑜支持率调查、奥罗拉市枪击案，哪一个事件最早发生？,2,2,"[2, 1, 0]","[2, 1, 0]","[""问题：颜宁在什么日期被美国国家科学院公布为新入选院士？答案：2019年4月30日"", ""问题：2019年3月11日韩国瑜在民调中支持率是多少？答案：54.9%"", ""问题：2019年2月15日哪里发生了枪击案？答案：美国伊利诺伊州奥罗拉市""]","{""order"": [2, 1, 0], ""anchor"": 2}",1.0000,1.0000,1.0000
1409,three_ref_hard,Ours,2019年颜宁成为美国国家科学院院士、韩国瑜支持率调查、奥罗拉市枪击案，哪一个事件最早发生？,2,2,"[2, 1, 0]","[2, 1, 0]","[""问题：颜宁在什么日期被美国国家科学院公布为新入选院士？答案：2019年4月30日"", ""问题：2019年3月11日韩国瑜在民调中支持率是多少？答案：54.9%"", ""问题：2019年2月15日哪里发生了枪击案？答案：美国伊利诺伊州奥罗拉市""]","{""order"": [2, 1, 0], ""anchor"": 2}",1.0000,1.0000,1.0000
1441,three_ref_hard,Standard RAG,特里-斯托茨辞去密尔沃基雄鹿队助理教练职务、上海虹口空中连廊系统示范段工程建成和中美第一次会谈，哪个事件最早发生？,2,0,"[2, 1, 0]","[0, 1, 2]","[""问题：特里-斯托茨什么时候辞去密尔沃基雄鹿队助理教练职务？答案：2023年10月20日"", ""问题：2023年10月14日上海虹口的哪项工程正式建成？答案：空中连廊系统示范段工程"", ""问题：2023年中美第一次会谈的时间是什么时候？答案：2023年1月18日""]","{""order"": [0, 1, 2], ""anchor"": 0}",0.0000,0.0000,0.0000
1441,three_ref_hard,TemporalSort,特里-斯托茨辞去密尔沃基雄鹿队助理教练职务、上海虹口空中连廊系统示范段工程建成和中美第一次会谈，哪个事件最早发生？,2,2,"[2, 1, 0]","[2, 0, 1]","[""问题：特里-斯托茨什么时候辞去密尔沃基雄鹿队助理教练职务？答案：2023年10月20日"", ""问题：2023年10月14日上海虹口的哪项工程正式建成？答案：空中连廊系统示范段工程"", ""问题：2023年中美第一次会谈的时间是什么时候？答案：2023年1月18日""]","{""order"": [2, 0, 1], ""anchor"": 2}",0.6667,1.0000,0.0000
1441,three_ref_hard,E$^2$RAG (reimpl.),特里-斯托茨辞去密尔沃基雄鹿队助理教练职务、上海虹口空中连廊系统示范段工程建成和中美第一次会谈，哪个事件最早发生？,2,2,"[2, 1, 0]","[2, 1, 0]","[""问题：特里-斯托茨什么时候辞去密尔沃基雄鹿队助理教练职务？答案：2023年10月20日"", ""问题：2023年10月14日上海虹口的哪项工程正式建成？答案：空中连廊系统示范段工程"", ""问题：2023年中美第一次会谈的时间是什么时候？答案：2023年1月18日""]","{""order"": [2, 1, 0], ""anchor"": 2}",1.0000,1.0000,1.0000
1441,three_ref_hard,Ours,特里-斯托茨辞去密尔沃基雄鹿队助理教练职务、上海虹口空中连廊系统示范段工程建成和中美第一次会谈，哪个事件最早发生？,2,2,"[2, 1, 0]","[2, 1, 0]","[""问题：特里-斯托茨什么时候辞去密尔沃基雄鹿队助理教练职务？答案：2023年10月20日"", ""问题：2023年10月14日上海虹口的哪项工程正式建成？答案：空中连廊系统示范段工程"", ""问题：2023年中美第一次会谈的时间是什么时候？答案：2023年1月18日""]","{""order"": [2, 1, 0], ""anchor"": 2}",1.0000,1.0000,1.0000
1447,three_ref_hard,Standard RAG,特朗普被伊朗通缉、小米确认造车决策和美国首例新冠肺炎死亡病例哪个事件发生得最早？,2,0,"[2, 1, 0]","[0, 1, 2]","[""小米在什么时候确认了造车这一战略决策？答案：2021年2月19日"", ""特朗普在什么时候被伊朗司法机构通缉？答案：2020年6月30日"", ""美国首例新冠肺炎死亡病例是什么时候的？答案：2020年1月5日""]","{""order"": [0, 1, 2], ""anchor"": 0}",0.0000,0.0000,0.0000
1447,three_ref_hard,TemporalSort,特朗普被伊朗通缉、小米确认造车决策和美国首例新冠肺炎死亡病例哪个事件发生得最早？,2,2,"[2, 1, 0]","[2, 1, 0]","[""小米在什么时候确认了造车这一战略决策？答案：2021年2月19日"", ""特朗普在什么时候被伊朗司法机构通缉？答案：2020年6月30日"", ""美国首例新冠肺炎死亡病例是什么时候的？答案：2020年1月5日""]","{""order"": [2, 1, 0], ""anchor"": 2}",1.0000,1.0000,1.0000
1447,three_ref_hard,E$^2$RAG (reimpl.),特朗普被伊朗通缉、小米确认造车决策和美国首例新冠肺炎死亡病例哪个事件发生得最早？,2,2,"[2, 1, 0]","[2, 1, 0]","[""小米在什么时候确认了造车这一战略决策？答案：2021年2月19日"", ""特朗普在什么时候被伊朗司法机构通缉？答案：2020年6月30日"", ""美国首例新冠肺炎死亡病例是什么时候的？答案：2020年1月5日""]","{""order"": [2, 1, 0], ""anchor"": 2}",1.0000,1.0000,1.0000
1447,three_ref_hard,Ours,特朗普被伊朗通缉、小米确认造车决策和美国首例新冠肺炎死亡病例哪个事件发生得最早？,2,2,"[2, 1, 0]","[2, 1, 0]","[""小米在什么时候确认了造车这一战略决策？答案：2021年2月19日"", ""特朗普在什么时候被伊朗司法机构通缉？答案：2020年6月30日"", ""美国首例新冠肺炎死亡病例是什么时候的？答案：2020年1月5日""]","{""order"": [2, 1, 0], ""anchor"": 2}",1.0000,1.0000,1.0000
1582,three_ref_hard,Standard RAG,杨紫的童趣情怀大片发布、长征五号B遥四运载火箭发射、郭艾伦申请转会，哪个事件最早发生？,2,0,"[2, 1, 0]","[0, 1, 2]","[""问题：杨紫的童趣情怀大片是什么时候发布的？答案：2023年5月4日"", ""问题：长征五号B遥四运载火箭是什么时候成功发射的？答案：2022年10月31日"", ""问题：郭艾伦在2022年8月2日做出了什么重要决定？答案：申请转会""]","{""order"": [0, 1, 2], ""anchor"": 0}",0.0000,0.0000,0.0000
1582,three_ref_hard,TemporalSort,杨紫的童趣情怀大片发布、长征五号B遥四运载火箭发射、郭艾伦申请转会，哪个事件最早发生？,2,1,"[2, 1, 0]","[1, 0, 2]","[""问题：杨紫的童趣情怀大片是什么时候发布的？答案：2023年5月4日"", ""问题：长征五号B遥四运载火箭是什么时候成功发射的？答案：2022年10月31日"", ""问题：郭艾伦在2022年8月2日做出了什么重要决定？答案：申请转会""]","{""order"": [1, 0, 2], ""anchor"": 1}",0.3333,0.0000,0.0000
1582,three_ref_hard,E$^2$RAG (reimpl.),杨紫的童趣情怀大片发布、长征五号B遥四运载火箭发射、郭艾伦申请转会，哪个事件最早发生？,2,2,"[2, 1, 0]","[2, 1, 0]","[""问题：杨紫的童趣情怀大片是什么时候发布的？答案：2023年5月4日"", ""问题：长征五号B遥四运载火箭是什么时候成功发射的？答案：2022年10月31日"", ""问题：郭艾伦在2022年8月2日做出了什么重要决定？答案：申请转会""]","{""order"": [2, 1, 0], ""anchor"": 2}",1.0000,1.0000,1.0000
1582,three_ref_hard,Ours,杨紫的童趣情怀大片发布、长征五号B遥四运载火箭发射、郭艾伦申请转会，哪个事件最早发生？,2,2,"[2, 1, 0]","[2, 1, 0]","[""问题：杨紫的童趣情怀大片是什么时候发布的？答案：2023年5月4日"", ""问题：长征五号B遥四运载火箭是什么时候成功发射的？答案：2022年10月31日"", ""问题：郭艾伦在2022年8月2日做出了什么重要决定？答案：申请转会""]","{""order"": [2, 1, 0], ""anchor"": 2}",1.0000,1.0000,1.0000
1696,three_ref_hard,Standard RAG,习近平接受斐济总理的访问邀请、美国宣布退出伊朗核协议和庄严卸任西藏自治区副主席，这些事件中哪个最早发生？,2,0,"[2, 1, 0]","[0, 1, 2]","[""问题：习近平何时接受了斐济总理兰布卡的访问邀请？答案：2024年8月20日"", ""问题：庄严在哪一天卸任西藏自治区副主席？答案：2021年2月10日"", ""问题：美国在哪一天宣布退出伊朗核协议？答案：2018年5月8日""]","{""order"": [0, 1, 2], ""anchor"": 0}",0.0000,0.0000,0.0000
1696,three_ref_hard,TemporalSort,习近平接受斐济总理的访问邀请、美国宣布退出伊朗核协议和庄严卸任西藏自治区副主席，这些事件中哪个最早发生？,2,2,"[2, 1, 0]","[2, 1, 0]","[""问题：习近平何时接受了斐济总理兰布卡的访问邀请？答案：2024年8月20日"", ""问题：庄严在哪一天卸任西藏自治区副主席？答案：2021年2月10日"", ""问题：美国在哪一天宣布退出伊朗核协议？答案：2018年5月8日""]","{""order"": [2, 1, 0], ""anchor"": 2}",1.0000,1.0000,1.0000
1696,three_ref_hard,E$^2$RAG (reimpl.),习近平接受斐济总理的访问邀请、美国宣布退出伊朗核协议和庄严卸任西藏自治区副主席，这些事件中哪个最早发生？,2,2,"[2, 1, 0]","[2, 1, 0]","[""问题：习近平何时接受了斐济总理兰布卡的访问邀请？答案：2024年8月20日"", ""问题：庄严在哪一天卸任西藏自治区副主席？答案：2021年2月10日"", ""问题：美国在哪一天宣布退出伊朗核协议？答案：2018年5月8日""]","{""order"": [2, 1, 0], ""anchor"": 2}",1.0000,1.0000,1.0000
1696,three_ref_hard,Ours,习近平接受斐济总理的访问邀请、美国宣布退出伊朗核协议和庄严卸任西藏自治区副主席，这些事件中哪个最早发生？,2,2,"[2, 1, 0]","[2, 1, 0]","[""问题：习近平何时接受了斐济总理兰布卡的访问邀请？答案：2024年8月20日"", ""问题：庄严在哪一天卸任西藏自治区副主席？答案：2021年2月10日"", ""问题：美国在哪一天宣布退出伊朗核协议？答案：2018年5月8日""]","{""order"": [2, 1, 0], ""anchor"": 2}",1.0000,1.0000,1.0000
1974,three_ref_hard,Standard RAG,拜登试图挑拨中俄关系被报道、丁真的工作室发表声明否认传闻、天津市卫生健康委启动战时机制，哪个事件最早被报道？,2,0,"[2, 1, 0]","[0, 1, 2]","[""拜登试图挑拨中俄关系是哪一天被报道的？答案：2021年6月20日"", ""丁真的工作室在哪天发表声明否认传闻？答案：2021年2月23日"", ""天津市卫生健康委是在什么时候启动战时机制的？答案：2020年1月28日""]","{""order"": [0, 1, 2], ""anchor"": 0}",0.0000,0.0000,0.0000
1974,three_ref_hard,TemporalSort,拜登试图挑拨中俄关系被报道、丁真的工作室发表声明否认传闻、天津市卫生健康委启动战时机制，哪个事件最早被报道？,2,2,"[2, 1, 0]","[2, 1, 0]","[""拜登试图挑拨中俄关系是哪一天被报道的？答案：2021年6月20日"", ""丁真的工作室在哪天发表声明否认传闻？答案：2021年2月23日"", ""天津市卫生健康委是在什么时候启动战时机制的？答案：2020年1月28日""]","{""order"": [2, 1, 0], ""anchor"": 2}",1.0000,1.0000,1.0000
1974,three_ref_hard,E$^2$RAG (reimpl.),拜登试图挑拨中俄关系被报道、丁真的工作室发表声明否认传闻、天津市卫生健康委启动战时机制，哪个事件最早被报道？,2,2,"[2, 1, 0]","[2, 1, 0]","[""拜登试图挑拨中俄关系是哪一天被报道的？答案：2021年6月20日"", ""丁真的工作室在哪天发表声明否认传闻？答案：2021年2月23日"", ""天津市卫生健康委是在什么时候启动战时机制的？答案：2020年1月28日""]","{""order"": [2, 1, 0], ""anchor"": 2}",1.0000,1.0000,1.0000
1974,three_ref_hard,Ours,拜登试图挑拨中俄关系被报道、丁真的工作室发表声明否认传闻、天津市卫生健康委启动战时机制，哪个事件最早被报道？,2,2,"[2, 1, 0]","[2, 1, 0]","[""拜登试图挑拨中俄关系是哪一天被报道的？答案：2021年6月20日"", ""丁真的工作室在哪天发表声明否认传闻？答案：2021年2月23日"", ""天津市卫生健康委是在什么时候启动战时机制的？答案：2020年1月28日""]","{""order"": [2, 1, 0], ""anchor"": 2}",1.0000,1.0000,1.0000
2025,three_ref_hard,Standard RAG,台湾‘行政院’的禁用厂商‘黑名单’公布、Apollo“汽车机器人”发布和习近平强调农村发展和乡村振兴的重要性，哪一个事件最早发生？,2,0,"[2, 1, 0]","[0, 1, 2]","[""问题：Apollo“汽车机器人”是什么时候发布的？答案：2021年8月18日"", ""问题：台湾‘行政院’的禁用厂商‘黑名单’最快什么时候公布？答案：2019年7月19日"", ""问题：习近平在何时强调农村发展和乡村振兴的重要性？答案：2019年3月17日""]","{""order"": [0, 1, 2], ""anchor"": 0}",0.0000,0.0000,0.0000
2025,three_ref_hard,TemporalSort,台湾‘行政院’的禁用厂商‘黑名单’公布、Apollo“汽车机器人”发布和习近平强调农村发展和乡村振兴的重要性，哪一个事件最早发生？,2,2,"[2, 1, 0]","[2, 1, 0]","[""问题：Apollo“汽车机器人”是什么时候发布的？答案：2021年8月18日"", ""问题：台湾‘行政院’的禁用厂商‘黑名单’最快什么时候公布？答案：2019年7月19日"", ""问题：习近平在何时强调农村发展和乡村振兴的重要性？答案：2019年3月17日""]","{""order"": [2, 1, 0], ""anchor"": 2}",1.0000,1.0000,1.0000
2025,three_ref_hard,E$^2$RAG (reimpl.),台湾‘行政院’的禁用厂商‘黑名单’公布、Apollo“汽车机器人”发布和习近平强调农村发展和乡村振兴的重要性，哪一个事件最早发生？,2,2,"[2, 1, 0]","[2, 1, 0]","[""问题：Apollo“汽车机器人”是什么时候发布的？答案：2021年8月18日"", ""问题：台湾‘行政院’的禁用厂商‘黑名单’最快什么时候公布？答案：2019年7月19日"", ""问题：习近平在何时强调农村发展和乡村振兴的重要性？答案：2019年3月17日""]","{""order"": [2, 1, 0], ""anchor"": 2}",1.0000,1.0000,1.0000
2025,three_ref_hard,Ours,台湾‘行政院’的禁用厂商‘黑名单’公布、Apollo“汽车机器人”发布和习近平强调农村发展和乡村振兴的重要性，哪一个事件最早发生？,2,2,"[2, 1, 0]","[2, 1, 0]","[""问题：Apollo“汽车机器人”是什么时候发布的？答案：2021年8月18日"", ""问题：台湾‘行政院’的禁用厂商‘黑名单’最快什么时候公布？答案：2019年7月19日"", ""问题：习近平在何时强调农村发展和乡村振兴的重要性？答案：2019年3月17日""]","{""order"": [2, 1, 0], ""anchor"": 2}",1.0000,1.0000,1.0000
